date,city,city_code,state,vacancy_rate,rent_index,property_value_index,cap_rate,office_reit_total_return,urban_office_employment_index,small_business_rent_burden,period,vacancy_rate_pct,cap_rate_pct,reit_drawdown_proxy,property_peak,property_drawdown_pct,vacancy_shock_pp,cap_rate_expansion_pp,rent_growth_qoq_pct,employment_growth_qoq_pct,impact_institutional,impact_small_business_tenants,impact_urban_workers,impact_institutional_z,impact_small_business_tenants_z,impact_urban_workers_z
2005-03-31,New York,NYC,NY,0.10580853195748947,99.98567103308362,110.08075287789387,0.04349826042537694,0.13923749429854468,101.39804853562663,0.193246386374643,2005Q1,10.580853195748947,4.349826042537694,0.0,110.08075287789387,0.0,0.0,0.0,,,0.08354249657912681,-0.0,0.0,1.126143217778299,0.46578039373053315,0.30228420923516924
2005-06-30,New York,NYC,NY,0.14702138818126403,101.04232784789443,110.48403480705542,0.04433574602391327,0.11983899157176842,101.86018261066994,0.19377737289720817,2005Q2,14.702138818126404,4.433574602391327,-0.019398502726776262,110.48403480705542,0.0,2.0606428111887283,0.041874279926816804,1.0568082445145288,0.45576229692521064,0.07190339494306104,-0.15587255278516285,-0.029915923550897103,0.8303710890215292,-1.2526921290628583,-0.3695874492284265
2005-09-30,New York,NYC,NY,0.1368606668855577,101.97573638367668,112.47624998870148,0.045832425218558924,0.11724706045500034,102.57444346516812,0.19397468749998603,2005Q3,13.686066688555771,4.583242521855892,-0.021990433843544335,112.47624998870148,0.0,0.6963804544120649,0.12769479959425478,0.9237797224816102,0.7012169389370104,0.0703482362730002,-0.08100800884468376,0.028193772093228778,0.7908514933705094,-0.42732127707910894,0.9354786477219001
2005-12-31,New York,NYC,NY,0.12247832153609636,102.70764272206546,114.72535694239903,0.04581325406541333,0.08213240460018517,102.98449071876213,0.19425805755285286,2005Q4,12.247832153609636,4.581325406541334,-0.05710508969835951,114.72535694239903,0.0,-0.556390560400553,0.09433326320977198,0.717725965356153,0.3997557673644625,0.0492794427601111,-0.008066770247779999,0.027982903715512375,0.25545261960052196,0.37684540953479917,0.930742825797071
2006-03-31,New York,NYC,NY,0.14547209662837202,103.2099109149736,114.85655449485981,0.04676301901030099,0.08764884755671071,103.90298317482689,0.1938996659048582,2006Q1,14.5472096628372,4.676301901030099,-0.05158864674183397,114.85655449485981,0.0,1.3943895590616098,0.15144780615883047,0.4890270865891777,0.8918745431028441,0.05258930853402642,-0.09417083228253938,0.020599531245350793,0.3395627233233568,-0.5724395162825979,0.7649221484530432
2006-06-30,New York,NYC,NY,0.141306106646245,104.32383241087169,116.25702125322434,0.04359337125951171,0.07153715333375432,104.1995624481069,0.1946073353513783,2006Q2,14.130610664624498,4.359337125951171,-0.06770034096479036,116.25702125322434,0.0,0.8148254673740905,-0.13793080743341424,1.0792776449693342,0.2854386507661566,0.04292229200025259,-0.09470515561717123,-0.00446405846759175,0.09390509884988839,-0.5783303543579693,0.2020274225444108
2006-09-30,New York,NYC,NY,0.15601937052529882,105.16068111181136,116.54397666890353,0.04569757612150002,0.10885814702948854,104.26688363469658,0.19527149877445424,2006Q3,15.601937052529882,4.569757612150002,-0.03037934726905614,116.54397666890353,0.0,1.9595587330966904,0.062134010370356485,0.8021644542771433,0.06460793597209413,0.06531488821769312,-0.13808615936869167,-0.05426420647485412,0.6629443648272845,-1.056599694444642,-0.9164173407083865
2006-12-31,New York,NYC,NY,0.16727414065374144,105.47591565157765,117.6211065720153,0.04565832696544085,0.029799229068893054,105.01882339955998,0.19489172313448108,2006Q4,16.727414065374145,4.565832696544085,-0.10943826522965162,117.6211065720153,0.0,2.6994062776983334,0.05093295791888419,0.29976464248184786,0.7211683505357724,0.017879537441335833,-0.14995854600900907,-0.03050040379344593,-0.542479826501429,-1.1874910531656682,-0.38271409428193376
2007-03-31,New York,NYC,NY,0.16488278094219513,105.61789575210977,119.30989244648242,0.04534861647803353,0.12181182957683531,104.87408903922564,0.1951383140466139,2007Q1,16.488278094219513,4.534861647803353,-0.017425664721709366,119.30989244648242,0.0,1.7218421942348812,-0.003167541480054936,0.1346090239227049,-0.13781754132178303,0.07308709774610118,-0.0928225609078793,-0.06130249371957125,0.8604512712226773,-0.5575750178880944,-1.0744878651167653
2007-06-30,New York,NYC,NY,0.1803868190657652,106.22874990779333,119.43508271885814,0.04782653439793894,0.06739566129595258,104.78268072198141,0.19574205857138155,2007Q2,18.03868190657652,4.7826534397938945,-0.0718418330025921,119.43508271885814,0.0,2.8551781205356246,0.2009893958351654,0.578362361163931,-0.0871600583915888,0.04043739677757154,-0.1716770240849778,-0.09175654770347995,0.030759095598873555,-1.426934156801009,-1.758445213861061
2007-09-30,New York,NYC,NY,0.17566892138680038,106.61264508321965,120.88834422610611,0.049140554519077534,0.11408582968477544,105.34474574411588,0.1955832143522043,2007Q3,17.56689213868004,4.914055451907753,-0.025151664613769234,120.88834422610611,0.0,1.89828517137361,0.29103979169254224,0.36138538367394,0.5364102333149878,0.06845149781086526,-0.1129835277523775,-0.019399838809159152,0.7426516932328314,-0.779846783738821,-0.13341024132928023
2007-12-31,New York,NYC,NY,0.17374963786023212,107.01627348232701,121.69890631151043,0.046199266588906676,0.08056351017023117,105.2900491853595,0.19597554482051355,2007Q4,17.374963786023212,4.619926658890668,-0.05867398412831351,121.69890631151043,0.0,1.0654653646650871,-0.00791415786821048,0.37859336365990703,-0.05192148727496404,0.0483381061021387,-0.07220293641624971,-0.0355984650492001,0.2315314308429168,-0.33024661730674454,-0.49720973621072323
2008-03-31,New York,NYC,NY,0.16028241561919176,107.54077230259252,123.29913135373043,0.04433477159124814,0.06590743759475123,105.43006671735759,0.19630179628625682,2008Q1,16.028241561919177,4.4334771591248145,-0.07333005670379344,123.29913135373043,0.0,-0.4663858468241955,-0.1640105648959027,0.4901112729851498,0.13298268267649682,0.03954446255685074,-0.001186271308047715,0.009308787787354778,0.008067906574113826,0.4527019228193143,0.51134714116622
2008-06-30,New York,NYC,NY,0.1695295800231254,108.59743342345087,124.99408189363751,0.04394548009179651,0.1272474923847086,106.0525800714891,0.1966596532731421,2008Q2,16.952958002312542,4.394548009179651,-0.01199000191383609,124.99408189363751,0.0,0.10553717635816184,-0.20734107524462608,0.982567911903387,0.5904514466450905,0.07634849543082516,-0.05440525441307744,0.03816548597441148,0.9433297068696463,-0.1340297276403472,1.159430013678435
2008-09-30,New York,NYC,NY,0.15824245553324817,108.48318432766199,126.58064071516154,0.04570088513762686,0.09396778456877455,107.23500801270664,0.19554756711849802,2008Q3,15.824245553324817,4.570088513762686,-0.045269709729770125,126.58064071516154,0.0,-1.050963835228929,-0.03184193336317698,-0.10520423198528972,1.1149450022059693,0.05638067074126473,0.057808403360710935,0.07804615015441785,0.435908584540691,1.1031097438109216,2.0550964281771806
2008-12-31,New York,NYC,NY,0.16125351294361068,109.5268778981279,126.93698777374438,0.044545697331985545,0.11981471958274555,106.1934549394282,0.19732510882101065,2008Q4,16.125351294361067,4.4545697331985545,-0.019422774715799132,126.93698777374438,0.0,-0.6746002478160449,-0.1334528435091178,0.9620786640200052,-0.9712808275773477,0.07188883174964733,-0.014373920810198018,-0.06798965793041434,0.8300010100539118,0.3073099798201461,-1.224672635482072
2009-03-31,New York,NYC,NY,0.1532227825007694,109.77269779775638,126.58013747226514,0.04707771030075803,0.12821397384952832,107.16439527034446,0.1966905337763991,2009Q1,15.32227825007694,4.707771030075803,-0.01102352044901636,126.93698777374438,-0.2811239716159819,-1.331923311582349,0.09813478058407465,0.2244379684200437,0.9143127808301177,0.07580388842325306,0.05537426715811526,0.06400189465810824,0.9294901873773239,1.07627374153756,1.739681220749662
2009-06-30,New York,NYC,NY,0.14787247770126513,109.84654452869533,128.61375728095248,0.04372811703671083,0.15866355024568105,107.71397250126944,0.1962818624456179,2009Q2,14.787247770126513,4.372811703671084,0.0,128.61375728095248,0.0,-1.4605245244765257,-0.18559432880529325,0.06727240235546716,0.5128356573454784,0.09519813014740862,0.06966260610605293,0.03589849601418349,1.4223354549710026,1.2338006276996938,1.1085164491445725
2009-09-30,New York,NYC,NY,0.14515950115771944,110.98783983030219,130.02462786739034,0.0482040145146242,0.07628777818625779,108.11268422896755,0.19689346572481814,2009Q3,14.515950115771945,4.82040145146242,-0.08237577205942326,130.02462786739034,0.0,-1.3504544259675821,0.27370216904170963,1.0389906268819527,0.3701578527274263,0.04577266691175467,0.015573189954281474,0.02591104969091984,0.16633864928109068,0.6374725778289141,0.8842117535662852
2009-12-31,New York,NYC,NY,0.13353317791806452,111.04134024118844,130.75521951281183,0.04768606338946663,0.1073756750000748,107.56114574954766,0.19741199486640823,2009Q4,13.353317791806452,4.768606338946664,-0.05128787524560624,130.75521951281183,0.0,-2.010381000655979,0.20332209651895372,0.048203849149630607,-0.5101514992004175,0.06442540500004489,0.09810885757531743,-0.03571060494402922,0.6403408724785258,1.5474164673900754,-0.49972824836665225
2010-03-31,New York,NYC,NY,0.1390898143149438,111.47904587828381,130.71983454414556,0.04560716164500024,0.06306716470268227,107.66715581117977,0.1976863951773837,2010Q1,13.90898143149438,4.5607161645000245,-0.09559638554299878,130.75521951281183,-0.027061993240595772,-1.1898098446649517,-0.020472953599586674,0.39418259554924173,0.09855795128748124,0.037732050848646975,0.03978136245578549,0.006899056590123687,-0.03798898732378326,0.9043642051715127,0.45722779923179496
2010-06-30,New York,NYC,NY,0.1259992757576138,112.14045137478162,132.2740270715569,0.04593079929585116,0.06904955310916913,107.65316145686573,0.19825145594562263,2010Q2,12.59992757576138,4.593079929585116,-0.08961399713651191,132.2740270715569,0.0,-1.9547348970790566,-0.012925678565178345,0.5933002846292279,-0.012997793253288759,0.04142973186550148,0.06807173062249143,-0.0009098455277302131,0.05597625329492786,1.216261453824392,0.2818502947473963
2010-09-30,New York,NYC,NY,0.12061661899868938,112.74962845364192,134.01959926410396,0.04510778214781993,0.05204354865294455,107.99615345128065,0.19846137025755747,2010Q3,12.061661899868938,4.510778214781993,-0.10662000159273649,134.01959926410396,0.0,-2.0226776162895135,-0.08781360599571464,0.5432268832451737,0.31860838063018093,0.031226129191766726,0.073972536652217,0.022302586644112662,-0.2033170648806935,1.2813169933868531,0.8031704964699374
2010-12-31,New York,NYC,NY,0.11965121961282442,113.83286537762163,135.2598236042675,0.045959835224499854,0.07965577832664515,108.17839438411413,0.199204288618009,2010Q4,11.965121961282442,4.595983522449985,-0.0790077719190359,135.2598236042675,0.0,-1.5991888882411818,-0.02028502198415083,0.960745448864242,0.16874761462286614,0.04779346699598709,0.03192217196884699,0.011812333023600628,0.2176910956634831,0.817717758046098,0.5675734210286276
2011-03-31,New York,NYC,NY,0.09425589349759787,114.3878015723607,136.47550033959308,0.04410063712616133,0.10465987815921086,108.3247005527672,0.19953743918957437,2011Q1,9.425589349759788,4.410063712616133,-0.05400367208647018,136.47550033959308,0.0,-3.401635387224193,-0.16899141713554489,0.4875008574177331,0.13524527655084384,0.06279592689552652,0.14570672649032299,0.009467169358559069,0.598932675969396,2.072176140677114,0.5149041795686633
2011-06-30,New York,NYC,NY,0.10452265291106619,114.60291277590005,138.11355288601916,0.045876519816444264,0.13440798129837914,108.6103228404442,0.19946576273862424,2011Q2,10.452265291106619,4.587651981644426,-0.02425556894730191,138.11355288601916,0.0,-1.8330866359998748,-0.018258182853919003,0.1880543209874297,0.2636723537840391,0.08064478877902748,0.08225161575062226,0.018457064764882736,1.0525068469183072,1.3725926521890282,0.7168052148412252
2011-09-30,New York,NYC,NY,0.10654572811253507,115.49811054367053,139.2422147660355,0.045262267670248144,0.09295387275243006,109.04377969425414,0.1998271243722129,2011Q3,10.654572811253507,4.526226767024815,-0.06570967749325099,139.2422147660355,0.0,-1.148106952788181,-0.04291156191882983,0.7811300307183355,0.39909360590588694,0.05577232365145803,0.01834884610349228,0.027936552413412086,0.42044930603266917,0.668073788496937,0.9297018375032922
2011-12-31,New York,NYC,NY,0.08006549137598004,115.74626215482725,140.10359513830704,0.045059776923417595,0.08509645641344726,109.57329897238343,0.19957027434265687,2011Q4,8.006549137598004,4.50597769234176,-0.07356709383223378,140.10359513830704,0.0,-3.1277845446676285,-0.03033205577627207,0.2148533945608433,0.48560246133617646,0.051057873848068355,0.14564655750533925,0.03399217229353235,0.3006460000846653,2.071512786253443,1.06570296629878
2012-03-31,New York,NYC,NY,0.08975010216409793,116.94853495561571,141.49131521699724,0.04742040827907124,0.05778423335880055,110.2827360662321,0.19993985324851055,2012Q1,8.975010216409792,4.7420408279071244,-0.1008793168868805,141.49131521699724,0.0,-1.5425770639702652,0.18306549686320572,1.0387141480044049,0.6474543529327192,0.034670540015280325,0.025193145798293015,0.04532180470529034,-0.11578791070382217,0.7435312103015912,1.3201513675095955
2012-06-30,New York,NYC,NY,0.09702515037661126,117.79729892089125,142.93639045354067,0.044406175089687895,0.10809981860429141,110.91503310137047,0.2000844902754595,2012Q2,9.702515037661126,4.440617508968789,-0.050563731641389636,142.93639045354067,0.0,-0.45289567545640175,-0.09930001949808887,0.7257585275417533,0.5733418100532406,0.06485989116257485,-0.013643142604267577,0.04013392670372684,0.6513820078878635,0.31536670465532984,1.2036385615155867
2012-09-30,New York,NYC,NY,0.11079236594559867,118.49334978595147,143.81090626230036,0.04776122495895213,0.055146053676204766,111.42768820638196,0.20020692574168325,2012Q3,11.079236594559868,4.776122495895213,-0.10351749656947629,143.81090626230036,0.0,1.0466290446059734,0.20303693228918274,0.5908886463752205,0.46220524907831795,0.03308763220572286,-0.0818758845490597,0.0009554960973030546,-0.15601266576634265,-0.4368894821576875,0.3237433745007271
2012-12-31,New York,NYC,NY,0.10562835932926153,118.90588009764795,144.51116765170238,0.0464426747487079,0.15538406038704947,111.05074720803952,0.20086611619317027,2012Q4,10.562835932926152,4.64426747487079,-0.003279489858631579,144.51116765170238,0.0,0.7055141365167952,0.06514641721215852,0.34814638327103076,-0.33828306447880596,0.09323043623222968,-0.0526830259893913,-0.04484523860902027,1.372332539262214,-0.11504240645264849,-0.7048799114772127
2013-03-31,New York,NYC,NY,0.10194478287066625,119.93152718607367,144.94201634935288,0.0486680654595793,0.10858672575876926,111.55572270123005,0.20125736201947095,2013Q1,10.194478287066625,4.86680654595793,-0.05007682448691178,144.94201634935288,0.0,0.24104537349391286,0.2305926341315745,0.8625705369519343,0.4547249846455603,0.06515203545526156,-0.05518079552229236,0.02459938772037184,0.6588059605307668,-0.1425799570596309,0.8547535788254528
2013-06-30,New York,NYC,NY,0.11882520747627608,120.74399301198935,145.25162886778696,0.048401093140720476,0.09984346024281608,111.68099064571868,0.20180357250816192,2013Q2,11.882520747627607,4.8401093140720475,-0.058820090002864964,145.25162886778696,0.0,1.7503059019897727,0.17233823569223805,0.6774414075918056,0.11229181386249731,0.05990607614568964,-0.12138736547907891,-0.044648750089318366,0.5254959679832704,-0.872497888511935,-0.7004670419438163
2013-09-30,New York,NYC,NY,0.09738534124517195,122.32160564202256,147.6347574175968,0.046103053196058716,0.056565047231747816,111.27450730954124,0.2034350101291176,2013Q3,9.738534124517194,4.610305319605872,-0.10209850301393322,147.6347574175968,0.0,-0.27917588527860104,-0.06797557784656938,1.3065764935209279,-0.3639682400981892,0.03393902833904869,-0.05137003041211634,-0.025477776806873242,-0.1343770400416942,-0.10056681866134463,-0.2699126052163753
2013-12-31,New York,NYC,NY,0.1042780610194327,122.8990026361709,148.78994374652925,0.04379474053160773,0.13305821917271202,111.45404943733529,0.2037418875141396,2013Q4,10.42780610194327,4.379474053160773,-0.02560533107296903,148.78994374652925,0.0,0.10743897160431537,-0.2829938893940449,0.4720318958517433,0.16135063828646157,0.07983493150362721,-0.028973543372802935,0.008071375531922848,1.0319268040744454,0.1463512364833964,0.48355651578753944
2014-03-31,New York,NYC,NY,0.12806550062855,123.70542381464502,149.5500729003353,0.04315250550652999,0.09540606640839788,111.5147493073011,0.20433870485721586,2014Q1,12.806550062854999,4.3152505506529995,-0.06325748383728316,149.5500729003353,0.0,2.007240451710393,-0.29386860724505226,0.6561657630871354,0.05446178965435866,0.057243639845038725,-0.13317031073987642,-0.05640488827550668,0.4578383018724517,-1.0024031688608597,-0.9644941927968839
2014-06-30,New York,NYC,NY,0.12216072917196584,124.77496773917616,150.25695057203163,0.04393277756012051,0.07152607472804093,112.00832893530014,0.2047581433297924,2014Q2,12.216072917196584,4.3932777560120515,-0.08713747551764012,150.25695057203163,0.0,1.1025685711100461,-0.20992393276640797,0.8645893539265481,0.4426137628116722,0.04291564483682456,-0.09835789625182971,-0.00209409373648433,0.09373618154520472,-0.6186012955941932,0.25525366280004963
2014-09-30,New York,NYC,NY,0.12177989362474097,125.76551018856142,150.88170359515226,0.046223791700718914,0.07055802640564815,111.9772118054873,0.2055821374676866,2014Q3,12.177989362474097,4.622379170071891,-0.0881055238400329,150.88170359515226,0.0,0.9271409203982817,0.038395397021347755,0.793863118006044,-0.027781085664457805,0.04233481584338889,-0.08605020192021628,-0.029758903608460497,0.0789761911951086,-0.4829107320543182,-0.36606099118820407
2014-12-31,New York,NYC,NY,0.14405515216338677,126.64764659732147,152.10990739361853,0.04292654419345583,0.11538542467720554,112.610476398526,0.20571871923728163,2014Q4,14.405515216338676,4.292654419345583,-0.0432781255684755,152.10990739361853,0.0,2.6743318638362954,-0.24737772176431072,0.7014136128716375,0.5655298813286525,0.06923125480632332,-0.16878727383539666,-0.040642864222083186,0.7624668296300395,-1.3950750750517995,-0.6105001994809343
2015-03-31,New York,NYC,NY,0.1276757169606254,127.8389760026734,152.74247610865248,0.04588522695432003,0.1010159990669022,113.8842040974176,0.2055281270473532,2015Q1,12.767571696062541,4.588522695432003,-0.057647551178778844,152.74247610865248,0.0,0.7147516674356709,0.08327603563785058,0.9406644634619932,1.1310916529505555,0.06060959944014132,-0.0827708065448832,0.057733865683468756,0.5433738582995786,-0.446755868717647,1.5989096675892178
2015-06-30,New York,NYC,NY,0.14955642311588807,128.54172795094655,154.86987977709484,0.04734414917469083,0.11739645333590654,114.52487156899954,0.20551522365484762,2015Q2,14.955642311588807,4.734414917469083,-0.04126709690977451,154.86987977709484,0.0,2.518682087466786,0.2423800572503012,0.5497165029376028,0.5625604329059675,0.07043787200154392,-0.15341992952021943,-0.03618123232058586,0.793129310943808,-1.225652309580475,-0.5102979102214004
2015-09-30,New York,NYC,NY,0.15125342477947587,128.97923565777046,157.20339978978473,0.04476234390316614,0.15430794211524912,115.14341469272033,0.2053145471469437,2015Q3,15.125342477947587,4.476234390316614,-0.004355608130431926,157.20339978978473,0.0,2.015031209646768,0.0009583962589898576,0.340362397330507,0.540095016258646,0.09258476526914947,-0.11776968034886375,-0.022644285151297815,1.3559247888019115,-0.832613429180845,-0.20627616976970378
2015-12-31,New York,NYC,NY,0.1514270689643767,129.18347885440002,158.39310004891678,0.04469672666241776,0.034206366270054425,115.5020804489215,0.20516063790112937,2015Q4,15.14270689643767,4.469672666241776,-0.12445718397562662,158.39310004891678,0.0,1.4430330288250506,-0.016878154450974847,0.15835354860644912,0.31149480598464674,0.020523819762032654,-0.08006932887157499,-0.021486354445826243,-0.4752834882030416,-0.4169724650999584,-0.18027059377110566
2016-03-31,New York,NYC,NY,0.14994933764874324,129.88024297135158,158.60754035539009,0.044095178893342524,0.055338370471652513,115.8950579107512,0.20536039972837594,2016Q1,14.994933764874324,4.409517889334253,-0.10332517977402852,158.60754035539009,0.0,1.0217119345092875,-0.08881634869365396,0.539360081591278,0.3402340982104457,0.033203022282991504,-0.07805360080502828,-0.006834971160547428,-0.15308038028088908,-0.39474935247436155,0.14877989233267003
2016-06-30,New York,NYC,NY,0.16642518662249522,130.0821795340114,160.1622051959036,0.04543635028182198,0.0691711478462968,116.36750968466717,0.2051070868903678,2016Q2,16.642518662249522,4.543635028182198,-0.08949240239938425,160.1622051959036,0.0,2.1159911137528695,0.026506131133023025,0.15547904595802908,0.4076548063678409,0.041502688707778075,-0.11357350798554493,-0.03494389696683722,0.057830228045062805,-0.7863512311323712,-0.4825090119517427
2016-09-30,New York,NYC,NY,0.15907280810272661,131.00260875627131,161.03425727682648,0.045427866972755804,0.09539397564563837,116.825063383,0.20542213474270707,2016Q3,15.907280810272661,4.542786697275581,-0.06326957460004268,161.03425727682648,0.0,0.9145918308011876,0.035606859325945095,0.7075751848232725,0.393197121406752,0.057236385387383015,-0.081108350781223,8.604357443701624e-05,0.45765395204452713,-0.42842753252784227,0.30421663291444423
2016-12-31,New York,NYC,NY,0.15354013769848976,131.84404257572078,162.22973233561135,0.04578900366188628,0.12901494829173105,117.35855186449217,0.20560864221906797,2016Q4,15.354013769848976,4.578900366188628,-0.02964860195395,162.22973233561135,0.0,0.24276247118871375,0.03593978488361049,0.6423031017763536,0.4566558459661918,0.07740896897503863,-0.04425327864825337,0.024683035081972015,0.9702783947898832,-0.022105651899058457,0.8566321867670995
2017-03-31,New York,NYC,NY,0.1533353145172746,132.91257813955798,164.8100464423081,0.04394548961446987,0.10807278234263627,117.90276982089384,0.2059575997725236,2017Q1,15.333531451727461,4.394548961446986,-0.05059076790304477,164.8100464423081,0.0,-0.09846481639091387,-0.12416490310990369,0.8104541873581672,0.4637224537586748,0.06484366940558176,-0.03559946854836267,0.03246057176310724,0.650969781605454,0.07330136241109446,1.0313052654646506
2017-06-30,New York,NYC,NY,0.14689015518203793,133.91885200740288,165.3870802150791,0.0465943560664608,0.06798086310307264,118.30437942557224,0.20637870253990778,2017Q2,14.689015518203794,4.65943560664608,-0.09068268714260841,165.3870802150791,0.0,-0.7096524007414562,0.15009415594206565,0.7570945368227777,0.34062779465526827,0.04078851786184358,-0.0023721068040660764,0.023843945625868775,0.03968176281098231,0.43962825667316907,0.8377873590781849
2017-09-30,New York,NYC,NY,0.16134571912180415,134.43200094784322,167.92973793605927,0.04464727309965724,0.06600981797073026,119.21717949079355,0.20598604535842266,2017Q3,16.134571912180416,4.464727309965724,-0.09265373227495079,167.92973793605927,0.0,0.6097503139560629,-0.04317575569442944,0.38317901680637867,0.7715691250429035,0.039605890782438154,-0.04964646653812208,0.03571732933432136,0.009628916832108387,-0.08156477432566993,1.104447687655387
2017-12-31,New York,NYC,NY,0.14793711524976033,134.83025322598945,168.94703778380133,0.045990303780835975,0.19090258377950814,119.76191903663873,0.20582371698742302,2017Q4,14.793711524976032,4.599030378083597,0.0,168.94703778380133,0.0,-0.6874856518156172,0.07495759844321626,0.29624812197859285,0.4569304089996784,0.11454155026770488,0.01956187649185122,0.03198512862997749,1.913889247120071,0.6814472744279807,1.020627448153828
2018-03-31,New York,NYC,NY,0.13855383171880478,135.36556213277856,169.3910781525318,0.04487019801144319,0.020405075429817718,120.00182944180338,0.20602262385181674,2018Q1,13.855383171880478,4.487019801144319,-0.1704975083496904,169.3910781525318,0.0,-1.48337018078694,-0.04674071747232045,0.3970243279836305,0.20032277964021628,0.01224304525789063,0.054317292640165465,0.01402259457481514,-0.6857140162135139,1.0646207491798034,0.617212941317089
2018-06-30,New York,NYC,NY,0.11712083470816509,136.27795532826963,170.7754811118428,0.04317762703554848,0.004147960044910554,119.8924306418657,0.20680016952597674,2018Q2,11.71208347081651,4.317762703554847,-0.18675462373459759,170.7754811118428,0.0,-3.0103654829217827,-0.1877637744833729,0.6740216500531471,-0.09116427678357297,0.002488776026946332,0.1168171916434318,-0.006381499374850108,-0.9335889008148526,1.7536731653708009,0.15896426254623042
2018-09-30,New York,NYC,NY,0.11846106207521517,136.65222873480485,171.85137876650967,0.044285694875226475,0.17276412207805417,119.89522768955626,0.2070787333085297,2018Q3,11.846106207521517,4.428569487522648,-0.018138461701453973,171.85137876650967,0.0,-2.368695920872881,-0.06267983929645649,0.2746397285119606,0.0023329643711322845,0.1036584732468325,0.10470280961804601,0.00016330750597925991,1.6373291689854361,1.6201138422618688,0.30595187754884057
2018-12-31,New York,NYC,NY,0.11174114766241236,137.27303664034986,172.45327574672567,0.04505417469262159,0.09585255587969468,120.33500232681435,0.20716816020893122,2018Q4,11.174114766241235,4.5054174692621585,-0.09505002789981346,172.45327574672567,0.0,-2.5181999867021947,0.023353504558863314,0.4542976805374854,0.36679911764025963,0.05751153352781681,0.10319511530823547,0.025675938234818174,0.4646459995207169,1.6034917288885646,0.8789314645033028
2019-03-31,New York,NYC,NY,0.12786041916135474,137.99109986441192,172.73014711657862,0.04652183533250301,0.10558595131965502,120.3305539467583,0.20770902364741126,2019Q1,12.786041916135474,4.652183533250301,-0.08531663245985312,172.73014711657862,0.0,-0.5878366448589585,0.1379152470715912,0.5230912360038698,-0.00369666345620967,0.06335157079179302,0.0032372704427544377,-0.0002587664419346769,0.6130526641925593,0.5014708357315205,0.29647266080673496
2019-06-30,New York,NYC,NY,0.09741014849695834,138.65807923412365,175.73916060718625,0.04381530179560725,0.08569823989425186,120.45673458479162,0.2080992480958944,2019Q2,9.741014849695834,4.381530179560725,-0.10520434388525628,175.73916060718625,0.0,-3.0143636277351025,-0.09799992823231474,0.4833495568678625,0.10486167801500024,0.051418943936551116,0.126550703543362,0.007340317461050017,0.3098214907746014,1.8609837370618083,0.4671379286202448
2019-09-30,New York,NYC,NY,0.08857863241154398,139.7477308320865,176.22857705498245,0.049263877909734556,0.028871113569231263,120.08454191395953,0.20923700923054198,2019Q3,8.857863241154398,4.926387790973456,-0.16203147021027686,176.22857705498245,0.0,-2.9879266523982864,0.3891501230544492,0.7858551077452702,-0.30898452636544116,0.017322668141538756,0.1101035772326508,-0.02162891684558088,-0.5566309546030948,1.6796565300658128,-0.1834723547260947
2019-12-31,New York,NYC,NY,0.07739254982905697,140.24261586393433,176.06717698017627,0.04907294480333326,0.15159149190304394,120.7887855879109,0.20899509336748678,2019Q4,7.739254982905697,4.907294480333326,-0.0393110918764642,176.22857705498245,-0.09158564263719304,-3.2247278428881945,0.3315237996331035,0.3541274186716237,0.5864565602923033,0.0905885525712776,0.14353002121082853,0.04105195922046123,1.3051971555564617,2.0481782773830792,1.224256344833974
2020-03-31,New York,NYC,NY,0.1609528840818398,140.9153239994747,176.39222419703867,0.055683714630522754,-0.06694485565120428,120.51159182292143,0.20973783619577516,2020Q1,16.09528840818398,5.568371463052276,-0.2578474394307124,176.39222419703867,0.0,4.851317427852148,0.8574318246135588,0.4796745492775534,-0.22948634150122826,-0.04016691339072257,-0.2665495988564851,-0.1616035667406504,-2.0175526341976395,-2.472890677037174,-3.3271159065575864
2020-06-30,New York,NYC,NY,0.14897124282416205,141.18831625781166,177.2030121348168,0.0562436968310275,-0.011330802557789302,119.83047290407734,0.2105410441121666,2020Q2,14.897124282416204,5.62436968310275,-0.20223338633729743,177.2030121348168,0.0,3.2550232006344118,0.7501041722205457,0.19372787187996732,-0.5651895461184497,-0.006798481534673581,-0.17243755362571894,-0.13721396424732382,-1.1695961138458777,-1.4353188858324104,-2.779358032775756
2020-09-30,New York,NYC,NY,0.1360688439926135,142.3835646622605,177.74759876258815,0.05595688806847944,-0.04751139694354579,119.78885338726815,0.21147590349391765,2020Q3,13.606884399261348,5.595688806847944,-0.23841398072305392,177.74759876258815,0.0,1.7446860435120772,0.5755333810500769,0.8465632540487933,-0.034731997463210984,-0.028506838166127473,-0.12956246487804352,-0.05477182112778708,-1.7212475259102356,-0.9626271860514997,-0.9278176873547552
2020-12-31,New York,NYC,NY,0.14772118072238563,142.48553126954977,177.78583273307873,0.05646672515434033,-0.037658484543159336,119.4701216369823,0.21183811633024963,2020Q4,14.772118072238563,5.646672515434033,-0.22856106832266748,177.78583273307873,0.0,2.460169303239626,0.48386020886468106,0.07161402900055513,-0.2660779707569394,-0.022595090725895602,-0.12658916661200906,-0.09243053705017454,-1.5710185666878467,-0.9298469994121504,-1.7735821137592058
2021-03-31,New York,NYC,NY,0.143600139486499,144.23866769505275,177.22217583921156,0.053083435842903946,0.022061422481099602,119.53196802595863,0.21310257976958577,2021Q1,14.3600139486499,5.3083435842903945,-0.16884116129840854,177.78583273307873,-0.3170426378762303,1.8513186755866595,0.06351127134103152,1.2303961039991096,0.051767243666378526,0.011968682937154838,-0.15408573897928846,-0.05191585321095329,-0.6926860944882856,-1.232992763306174,-0.8636764651211398
2021-06-30,New York,NYC,NY,0.13743616632523636,145.33921757518615,177.1554454717181,0.05731374764470397,-0.050088193501502995,119.47311415059683,0.21398513123445195,2021Q2,13.743616632523636,5.731374764470397,-0.24099077728101115,177.78583273307873,-0.35457676895270795,0.7345961366069194,0.3178118784073245,0.7630061326274529,-0.04923693329388357,-0.03147122317671263,-0.0748801134617186,-0.02548446942877943,-1.7965782939068453,-0.35976210999026087,-0.2700629125592835
2021-09-30,New York,NYC,NY,0.13299988133325916,146.0707381817083,178.04544669863773,0.05269595574905271,0.04823247421459893,119.58547121375484,0.21443280624244962,2021Q3,13.299988133325916,5.269595574905271,-0.14267010956490922,178.04544669863773,0.0,-0.2642979741122389,-0.18686828414927792,0.50331948852258,0.09404380555142478,0.028939484528759357,-0.011951075720517058,0.006583066388599734,-0.2614251372075373,0.33402149919418395,0.4501310816460938
2021-12-31,New York,NYC,NY,0.14424975273744478,146.25704463778465,179.10577096494418,0.05519147469677607,0.05145039683680343,119.43182264247449,0.2147146289503189,2021Q4,14.424975273744478,5.519147469677607,-0.13945218694270473,179.10577096494418,0.0,0.024974129951473856,-0.013798013044976187,0.1275453649344893,-0.1284843131200364,0.030870238102082056,-0.0076259747442981585,-0.009743125816946762,-0.21236094717444604,0.3817051166953566,0.08346662567923067
2022-03-31,New York,NYC,NY,0.15212883784502032,146.8573052376894,178.77348123902198,0.057207226750510966,-0.08916656767199312,119.10612437901602,0.21546958733484428,2022Q1,15.212883784502033,5.720722675051096,-0.28006915145150124,179.10577096494418,-0.1855270905744555,0.9231832186692728,0.1687332908286594,0.41041482917374417,-0.2727064330529827,-0.05424204896549369,-0.06667990239215085,-0.04678494687378697,-2.3752291062880895,-0.2693559598864579,-0.7484431665633245
2022-06-30,New York,NYC,NY,0.15693406841862198,147.00315601655495,179.9952174968598,0.05419539337783964,0.037616552057797736,119.25226482633079,0.2154436710552831,2022Q2,15.693406841862197,5.419539337783965,-0.1532860317217104,179.9952174968598,0.0,1.3041709560986892,-0.10684625327362429,0.09931462287797732,0.12269767661126085,0.022569931234678643,-0.07017427894883332,-0.030536291320172416,-0.4232878303884479,-0.3078809598922563,-0.3835200801663026
2022-09-30,New York,NYC,NY,0.1540050806724725,147.80821693081035,180.4844433125307,0.05399786308013748,0.015960644242021642,118.66213131720389,0.2166060221665197,2022Q3,15.400508067247252,5.399786308013748,-0.1749419395374865,180.4844433125307,0.0,0.7870692229855045,-0.10211147068956627,0.5476487281434572,-0.4948614686574926,0.009576386545212985,-0.06673589755644808,-0.05825237949558962,-0.7534789819968231,-0.2699732985361092,-1.005986376313205
2022-12-31,New York,NYC,NY,0.1496500779548136,147.95191362701357,180.94277161828427,0.055479527536077156,-0.03821107106420696,118.7415323244879,0.21663997297965765,2022Q4,14.96500779548136,5.547952753607715,-0.2291136548437151,180.94277161828427,0.0,0.32745773581426363,0.058394945132691056,0.09721834089271297,0.06691351857801564,-0.022926642638524175,-0.02123380383534883,-0.005139785773966813,-1.5794439433241039,0.23168075403498525,0.18685149039473337
2023-03-31,New York,NYC,NY,0.16158516507016368,149.05492645322965,180.88467231985808,0.05544288474230196,0.05721373805742133,118.64809042328552,0.21756497502767977,2023Q1,16.15851650701637,5.544288474230196,-0.1336888457220868,180.94277161828427,-0.03210921215949236,1.2961536275534637,0.025237554512696825,0.7455211623668356,-0.0786935281810508,0.03419980598581483,-0.10208373949601497,-0.04439315579927747,-0.12775017465912888,-0.659678182608372,-0.6947267358071383
2023-06-30,New York,NYC,NY,0.1662553109315823,149.09453736655203,180.35709567130337,0.05517902366142595,-0.09931339729459575,118.41340105820325,0.21781917032257303,2023Q2,16.62553109315823,5.517902366142595,-0.2902159810741039,180.94277161828427,-0.3236802121150406,1.402928906116001,0.02553549621607054,0.02657470924640748,-0.1978029012055793,-0.06088275922521761,-0.07147518076812043,-0.05593407026787058,-2.543982423459,-0.32222321573750484,-0.9539202496228814
2023-09-30,New York,NYC,NY,0.1758617387438419,150.3473621795754,180.01590363397077,0.057176279898885844,-0.026646674958485637,119.12905902289592,0.21808490285364512,2023Q3,17.58617387438419,5.717627989888585,-0.21754925873799377,180.94277161828427,-0.5122437199474472,1.827798469709677,0.16925706808914587,0.8402888765423278,0.6043724428968167,-0.01803697985488117,-0.13340436731260025,-0.012527883088513138,-1.4551881359910481,-1.0049836089820878,0.020924699360871955
2023-12-31,New York,NYC,NY,0.18516186211369254,150.38850657874895,180.23252151023615,0.05551562000641071,-2.714210793498123e-05,119.29656391450686,0.21795645798974692,2023Q4,18.516186211369252,5.551562000641071,-0.1909297258874431,180.94277161828427,-0.3925274835219428,2.246409439491643,-0.0008607375288010033,0.02736622616923423,0.1406079196669907,-0.00158639519884876,-0.11368878328304385,-0.05754972880805995,-1.0371468992059698,-0.7876221247423691,-0.9902057810075661
2024-03-31,New York,NYC,NY,0.19439239948119363,150.99235811120082,180.30055915310533,0.05644909720967662,-0.10566832392174992,119.70328861358637,0.21802496984335717,2024Q1,19.439239948119365,5.644909720967662,-0.29657090770125805,180.94277161828427,-0.35492573670405925,2.6411686557895884,0.10196360205821975,0.4015277139118867,0.3409358037931298,-0.06482069729986618,-0.15213481848507376,-0.055369553408168556,-2.6440530615262903,-1.211484144864008,-0.9412419554658125
2024-06-30,New York,NYC,NY,0.19556856669443906,151.59169125070116,180.9300165948742,0.05965038750200941,-0.03038817010500427,118.99289042198953,0.2191560283070649,2024Q2,19.556856669443906,5.965038750200941,-0.22129075388451241,180.94277161828427,-0.007049203069020571,2.275854148666415,0.3539052047393776,0.39692945192562057,-0.5934658937316817,-0.018261098875278645,-0.1336391800296018,-0.10981823702121016,-1.4608834346344104,-1.007572385485452,-2.1640866153679084
2024-09-30,New York,NYC,NY,0.2046653833349644,152.23970825406224,180.323254938784,0.055050845910244596,-0.06641527759485294,119.67509437380629,0.21898976760418176,2024Q3,20.46653833349644,5.50508459102446,-0.2573178613743611,180.94277161828427,-0.34238266273890483,2.5522820294378015,-0.11921123981344373,0.42747527784314787,0.5733148841056135,-0.04121869720786738,-0.14898786536404746,-0.0364364189957411,-2.0442804993126646,-1.1767894383722477,-0.516029061872549
2024-12-31,New York,NYC,NY,0.2001652122185878,152.85469418871176,180.6887685097028,0.054741791108031054,0.009873802703799311,118.98960279223371,0.2201144919737639,2024Q4,20.01652122185878,5.474179110803106,-0.18102878107570883,180.94277161828427,-0.14037759359478708,1.470825739502967,-0.1408950146842214,0.4039589550600242,-0.572793850850406,0.005362771247900438,-0.09373923472814956,-0.08422034174461743,-0.8605551125451154,-0.5676812151906412,-1.589192100632258
2005-03-31,San Francisco,SFO,CA,0.11502030391292542,100.88219765149438,112.07721252392471,0.04451814934467454,0.08901877177059443,100.12973827802332,0.1951763359694835,2005Q1,11.502030391292543,4.451814934467454,0.0,112.07721252392471,0.0,0.0,0.0,,,0.053411263062356655,-0.0,0.0,0.5623241590817611,0.4230854066120077,0.2866124712440037
2005-06-30,San Francisco,SFO,CA,0.14330136803063917,101.6204197836439,113.39175035357057,0.04479141309145138,0.14928631792494346,100.34957097446407,0.1956397795896436,2005Q2,14.330136803063917,4.479141309145138,0.0,113.39175035357057,0.0,1.414053205885688,0.01366318733884242,0.7317665052259947,0.21954785882927208,0.08957179075496607,-0.10729098555558414,-0.027053246058521593,1.4851045488202268,-0.639328222558472,-0.2645171484884393
2005-09-30,San Francisco,SFO,CA,0.1250654374401272,102.56050200690011,113.87416630021737,0.046207056939642444,0.07294858869000956,99.97207996850574,0.19683023043562647,2005Q3,12.506543744012719,4.620705693964244,-0.0763377292349339,113.87416630021737,0.0,-0.2730265687770057,0.10348504810529846,0.9250918518716178,-0.37617600383602623,0.043769153214005735,-0.0326032641547306,-0.026332320268521836,0.31626718891257677,0.10024232698080986,-0.24983042455008508
2005-12-31,San Francisco,SFO,CA,0.1467454760311918,102.9513213302109,115.1187494378093,0.042141772082247904,0.0917658324427753,99.95052238640069,0.19720205596223742,2005Q4,14.674547603119182,4.214177208224791,-0.05752048548216816,115.1187494378093,0.0,1.4212329677470912,-0.22728257822561648,0.38106221758207326,-0.02156360266970525,0.05505949946566518,-0.09011475926645822,-0.04414644121929211,0.6043854985499079,-0.46924630176345966,-0.6127402832867299
2006-03-31,San Francisco,SFO,CA,0.1420150765920263,103.52340969353779,116.28147836079141,0.04958547929508198,0.06418538403196924,100.09263836976054,0.19758483644920322,2006Q1,14.201507659202631,4.958547929508198,-0.08510093389297421,116.28147836079141,0.0,0.7585544190644331,0.41367051444623293,0.5556882184075462,0.14218633376466006,0.038511230419181544,-0.06571213187359896,-0.012803589208406789,0.1820902740437632,-0.22760732533415592,0.025777330190129528
2006-06-30,San Francisco,SFO,CA,0.12896805391742264,104.26079336698459,117.09919051959965,0.04551734963803494,0.09773245559798241,100.43910656779828,0.19792448099829119,2006Q2,12.896805391742264,4.5517349638034945,-0.05155386232696105,117.09919051959965,0.0,-0.45512320699661046,0.0057146239512748664,0.7122868881827671,0.3461475326065777,0.05863947335878944,-0.012858184059307831,0.024230327282460436,0.6957428407998087,0.2957614760855792,0.7802334966946122
2006-09-30,San Francisco,SFO,CA,0.16264576327975666,105.16792750237168,118.13800637189091,0.046427660307818634,0.10350103484458129,100.33155598951514,0.1988383503013008,2006Q3,16.264576327975668,4.642766030781863,-0.04578528308036217,118.13800637189091,0.0,2.4965551964886785,0.0829248779396945,0.8700625672337869,-0.10708038129604303,0.06210062090674877,-0.16833088818612327,-0.08239228258538336,0.7840678539301071,-1.2437557440516658,-1.3918858232653475
2006-12-31,San Francisco,SFO,CA,0.17610774968311388,105.8694824875613,120.17853548618713,0.04599030869497044,0.07290796157580834,100.97314243721303,0.1988642358145421,2006Q4,17.61077496831139,4.599030869497044,-0.07637835634913512,120.17853548618713,0.0,3.36240960722135,0.03429100207301605,0.667080736352621,0.6394662590151867,0.043744776945485,-0.20147451717869855,-0.056109650085577424,0.3156451309946961,-1.5719496084247306,-0.85645516833206
2007-03-31,San Francisco,SFO,CA,0.17023808783930686,106.83849063091402,121.87895527858403,0.048397525097795574,0.03164057042195786,101.64461653493828,0.19909885318645618,2007Q1,17.023808783930686,4.839752509779557,-0.11764574750298559,121.87895527858403,0.0,2.0852211237608778,0.2265204454415164,0.9152856144985622,0.6650026744911663,0.018984342253174715,-0.15002533691297198,-0.01600644649844469,-0.31621632218132417,-1.0624910547455964,-0.03947138401212968
2007-06-30,San Francisco,SFO,CA,0.176136360728031,106.9580802639569,123.07288026182916,0.04934272988934092,0.061682332061636744,101.89340962598729,0.19897350185934903,2007Q2,17.6136360728031,4.934272988934092,-0.08760398586330671,123.07288026182916,0.0,2.2646110039158955,0.26414946462243094,0.11193497056787294,0.24476760258473895,0.037009399236982043,-0.11882729872418843,-0.05080459793654514,0.14376504894162287,-0.7535627621820683,-0.7483804712242806
2007-09-30,San Francisco,SFO,CA,0.16671864995539917,107.73928184721512,124.62625583848063,0.04535879108175953,0.06778333940403454,101.69997883067379,0.19984451705632789,2007Q3,16.671864995539917,4.535879108175953,-0.08150297852090892,124.62625583848063,0.0,0.8021747702118116,-0.12364109291217051,0.7303810813828582,-0.1898364143701925,0.040670003642420724,-0.07662779257973348,-0.037353792112267824,0.23718000097561767,-0.3356960584699883,-0.47436021195510525
2007-12-31,San Francisco,SFO,CA,0.1673127101070681,108.37635215647069,125.22760376004328,0.04537852654705808,0.10130644535808415,102.76626143398887,0.19941317050925014,2007Q4,16.73127101070681,4.537852654705808,-0.0479798725668593,125.22760376004328,0.0,0.6044903594302511,-0.16212697719244318,0.5913073656449663,1.0484590218945877,0.06078386721485049,-0.059789886253760874,0.05525742074971361,0.750465620706951,-0.16896423962448523,1.4123184667207447
2008-03-31,San Francisco,SFO,CA,0.17006189192240903,109.19398596995441,126.20734834679163,0.04956772966443057,0.18365602940224773,103.40021656911821,0.19954292218504882,2008Q1,17.006189192240903,4.956772966443057,0.0,126.20734834679163,0.0,0.5288233493345587,0.2570152049279484,0.7544393192928656,0.6168903356833288,0.11019361764134863,-0.06416313343137121,0.02731762301779626,2.0113528827245064,-0.2122688786970521,0.8431279870983345
2008-06-30,San Francisco,SFO,CA,0.17539486033583943,109.86313417425555,126.45881622138867,0.04429950986114268,0.09153934848331036,103.6888894854516,0.1998591279137995,2008Q2,17.53948603358394,4.429950986114268,-0.09211668091893738,126.45881622138867,0.0,0.48178511044739025,-0.25458377818968714,0.6128068303004053,0.2791801854113318,0.05492360908998621,-0.05472959703738978,0.00508905966537152,0.6009177124905697,-0.11885639316210131,0.3902869623606971
2008-09-30,San Francisco,SFO,CA,0.15580903687858202,110.1751036102043,127.73582587881249,0.04498626646101836,0.08797812160826017,104.89576094721718,0.19902964767478,2008Q3,15.580903687858202,4.498626646101836,-0.09567790779398756,127.73582587881249,0.0,-1.391338155263666,-0.16789069511711663,0.283961893399054,1.163935179318254,0.0527868729649561,0.05536881309323061,0.08147546255227778,0.5463903501969454,0.9713568327400295,1.9464332778424576
2008-12-31,San Francisco,SFO,CA,0.16379105919464923,111.0416211981048,128.5835600759566,0.04778235239561984,0.12933862580247477,105.18512628531309,0.19951101781939726,2008Q4,16.379105919464923,4.778235239561984,-0.05431740359977297,128.5835600759566,0.0,-0.43917729255113613,0.08931735208491443,0.7864912847880934,0.2758598969900383,0.07760317548148486,-0.017365699611847862,0.019310192789302683,1.1796774941992836,0.2511272886753472,0.6800003547499929
2009-03-31,San Francisco,SFO,CA,0.16232828530422136,111.90497388880229,129.9970780434328,0.04615822862395998,0.1040813998849456,105.30826243413193,0.20013777254697068,2009Q1,16.232828530422136,4.615822862395999,-0.07957462951730214,129.9970780434328,0.0,-0.486582149905356,-0.045103819158126335,0.7775036795952595,0.11706612252841975,0.06244883993096735,-0.014546076484495175,0.008194628576989382,0.7929540540877571,0.2790476775515576,0.45355371451348425
2009-06-30,San Francisco,SFO,CA,0.152168738310673,112.15714130903476,131.15336659176978,0.04788543416295613,0.07678941100151479,105.65544962616158,0.20003830638674122,2009Q2,15.216873831067302,4.788543416295613,-0.10686661840073294,131.15336659176978,0.0,-1.2029415690432135,0.1458329313212987,0.22534067206256836,0.32968656400234053,0.046073646600908874,0.04888004484903226,0.023078059480163834,0.3750755482317032,0.9071039434272224,0.7567594590750257
2009-09-30,San Francisco,SFO,CA,0.14941087686506943,112.42225884110852,132.9361701951788,0.04613501691453451,0.059159308034493416,106.02208490977674,0.1999329779904823,2009Q3,14.941087686506943,4.613501691453451,-0.12449672136775432,132.9361701951788,0.0,-1.262380549974452,-0.038911616430550744,0.23638042926152902,0.3470102913881057,0.03549558482069605,0.05130000603564615,0.024290720397167394,0.1051340237274194,0.9310668116347309,0.7814638272165355
2009-12-31,San Francisco,SFO,CA,0.16112147538914523,112.97847177170078,134.07800293059228,0.042249217007327845,0.06944556434625335,106.02923304363209,0.20039867027774136,2009Q4,16.112147538914524,4.224921700732785,-0.11421046505599439,134.07800293059228,0.0,-0.013930263592833114,-0.3883752379045893,0.4947533845396146,0.0067421177968984836,0.04166733860775201,-0.024041156047339075,0.00047194824578289385,0.26263098874414786,0.18502578106709192,0.29622701645122435
2010-03-31,San Francisco,SFO,CA,0.13398807198267568,113.28974225137372,135.40813176024324,0.04329657986959623,0.06572805237898591,105.82983958493853,0.20084406366495824,2010Q1,13.398807198267567,4.329657986959623,-0.11792797702326183,135.40813176024324,0.0,-2.2763478549931246,-0.2052495792423219,0.2755130909381842,-0.18805517400235505,0.039436831427391544,0.10004173820274702,-0.013163862180164854,0.20571068319152322,1.4137157526949053,0.01843783734348996
2010-06-30,San Francisco,SFO,CA,0.12532682421377428,114.08861189683515,135.67988083497244,0.04731747932107501,0.08173140807885414,105.88196845022435,0.20147567226040183,2010Q2,12.532682421377428,4.731747932107501,-0.1019246213233936,135.67988083497244,0.0,-2.51662218035745,0.15911574765640157,0.7051562035412129,0.04925724681268395,0.04903884484731248,0.09057329884081183,0.0034480072768878767,0.450744432732727,1.3199576520212684,0.3568553890526535
2010-09-30,San Francisco,SFO,CA,0.11982942527690978,114.5730830825771,136.91518383324401,0.04528503490717998,-0.00993361159073644,106.2775037773988,0.20152502515518078,2010Q3,11.982942527690978,4.5285034907179975,-0.19358964099298417,136.91518383324401,0.0,-2.6166169290229977,-0.04786329931012201,0.4246446491785072,0.37356249885021064,-0.005960166954441864,0.10959861399222454,0.026149374919514745,-0.952775172320663,1.5083495659500754,0.819328398362615
2010-12-31,San Francisco,SFO,CA,0.10092502427151505,115.06168093686074,138.92181714862448,0.04596121117646173,0.11549175420664004,105.97966331581914,0.20221262674668017,2010Q4,10.092502427151505,4.596121117646173,-0.0681642751956077,138.92181714862448,0.0,-3.721231593023292,0.04251859285753046,0.4264508217270313,-0.28024788971662273,0.06929505252398402,0.16473903856481303,-0.01961735228016359,0.9676625312018095,2.054359450012659,-0.11303287552643754
2011-03-31,San Francisco,SFO,CA,0.10875443674182425,115.70110449073444,139.8947593886394,0.043946942360799796,0.0730130689373227,106.23243303953646,0.20252184800088938,2011Q1,10.875443674182424,4.39469423607998,-0.11064296046492503,139.8947593886394,0.0,-2.2686172389624097,-0.13126721041916056,0.5557224165920083,0.23850776253560024,0.04380784136239362,0.08564474111852008,0.016695543377492017,0.31725447164669823,1.2711542332699002,0.6267346308162485
2011-06-30,San Francisco,SFO,CA,0.11108247824525969,117.07196946407365,142.0008264848426,0.04202131169554021,0.06964200421850693,106.27978922383444,0.20363904919001952,2011Q2,11.108247824525968,4.202131169554021,-0.1140140251837408,142.0008264848426,0.0,-1.5222348378012,-0.2505287461024208,1.1848330915881444,0.04457789673362189,0.041785202531104154,0.016870087310652787,0.003120452771353532,0.2656387578246093,0.5901358870537977,0.350182437877542
2011-09-30,San Francisco,SFO,CA,0.10607574537391821,117.8043568654965,144.53953307590007,0.04560333515179251,0.07862748660244528,106.86108506661232,0.20371658676107995,2011Q3,10.607574537391821,4.560333515179251,-0.10502854279980245,144.53953307590007,0.0,-1.4812189812959549,0.11431962155708497,0.6255873244257693,0.5469486221445274,0.04717649196146717,0.042781582843509275,0.03828640355011692,0.4032190554362521,0.8467159330263921,1.066584345371552
2011-12-31,San Francisco,SFO,CA,0.102096866403045,118.92979501733682,145.9293074446506,0.04860369411560883,0.09069597353430761,106.79998244457227,0.20472175384827782,2011Q4,10.209686640304499,4.8603694115608835,-0.09296005586794012,145.9293074446506,0.0,-1.1412992660570254,0.3349245540852044,0.9553451007973113,-0.057179488680991764,0.05441758412058457,0.009297708262985704,-0.0040025642076694234,0.5880044629259821,0.5151528988388314,0.20507210137653328
2012-03-31,San Francisco,SFO,CA,0.08325272548069751,119.73814574529322,146.4289635596293,0.04569642562415739,0.08002451102929586,107.28996121083388,0.20494213825280247,2012Q1,8.325272548069751,4.569642562415739,-0.10363151837295187,146.4289635596293,0.0,-2.391521527017046,0.014199633008045609,0.679687312871069,0.4587816917628329,0.048014706617577514,0.08559171070729885,0.0321147184233983,0.4246094525461948,1.2706291170977426,0.9408545726988421
2012-06-30,San Francisco,SFO,CA,0.08885971820949269,120.42556031531569,147.14874012586944,0.04280444035926554,0.05396745231482223,107.8363402853707,0.20500693856724622,2012Q2,8.885971820949269,4.280444035926554,-0.1296885770874255,147.14874012586944,0.0,-1.3749834290840077,-0.21858590645852072,0.5740982255435512,0.5092546109352503,0.032380471388893335,0.040044260177022825,0.03564782276546752,0.025639454092973794,0.8196104973436725,1.012831090722131
2012-09-30,San Francisco,SFO,CA,0.0956911981252114,120.9665722286131,148.2264067570317,0.04479899534752762,0.09528218984758574,108.29294986150563,0.205032781815422,2012Q3,9.56911981252114,4.479899534752762,-0.08837383955466199,148.2264067570317,0.0,-0.3901075981159057,-0.013054913136659074,0.449250069404572,0.4234282941414813,0.05716931390855144,-0.0029571235644333185,0.02963998058990369,0.6582258465236002,0.3938034649677348,0.8904391320466932
2012-12-31,San Francisco,SFO,CA,0.0936965186515397,121.4773932180767,149.50967285827298,0.04618374295470409,0.08496194866181818,109.66426161231506,0.20419487988965,2012Q4,9.36965186515397,4.618374295470409,-0.09869408074042955,149.50967285827298,0.0,-0.499219225233384,0.12263820035295936,0.4222827679188912,1.266298270167332,0.05097716919709091,0.003846822865724641,0.08864087891171323,0.500208525572657,0.46117730240723465,2.0924073759176998
2013-03-31,San Francisco,SFO,CA,0.08481624693054879,122.68359668115119,150.22651113759147,0.046649497488184935,0.037712455728119924,110.22619933774601,0.20467149976722943,2013Q1,8.48162469305488,4.6649497488184934,-0.1459435736741278,150.22651113759147,0.0,-1.0880190246915333,0.13543171460872916,0.992944803243434,0.5124164583513169,0.022627473436871954,0.004753711072404965,0.03586915208459218,-0.2232472692366795,0.4701574640295919,1.0173400189010617
2013-06-30,San Francisco,SFO,CA,0.07509815809756025,123.53336464866844,151.53963016392396,0.04305720806711698,0.12719979782304502,111.09327652313684,0.20457808902876917,2013Q2,7.509815809756025,4.305720806711697,-0.05645623157920271,151.53963016392396,0.0,-1.6100239061441437,-0.23674593214277628,0.6926500286144721,0.7866343851101965,0.07631987869382702,0.04586869387648358,0.05506440695771375,1.1469290476076963,0.8772850327434909,1.4083863833930033
2013-09-30,San Francisco,SFO,CA,0.1014549801977374,123.77652567393969,152.4802506684374,0.04858738406500727,0.10190851408782668,111.85258958077638,0.20409436211898965,2013Q3,10.14549801977374,4.858738406500727,-0.08174751531442105,152.4802506684374,0.0,1.0834178685758307,0.278971056231069,0.1968383407695562,0.6834914599727515,0.06114510845269601,-0.06401281046726934,0.01534186614081768,0.7596841346922107,-0.21078035508053264,0.5991574735658788
2013-12-31,San Francisco,SFO,CA,0.11842596327424142,124.423831175087,153.85290534683807,0.048931206111223376,0.061473272346604685,113.17090754900616,0.2034489706169293,2013Q4,11.842596327424141,4.893120611122337,-0.12218275705564305,153.85290534683807,0.0,2.576402465336278,0.3092593609074976,0.5229630558967857,1.1786208733931325,0.03688396340796281,-0.15496827606165317,0.005211387177430943,0.14056405242482714,-1.1114368808327153,0.3927790224653621
2014-03-31,San Francisco,SFO,CA,0.11533399652909287,125.66079740753152,155.64054714799113,0.0465408716222895,0.0774459301720908,113.90863013866776,0.20378546900186706,2014Q1,11.533399652909287,4.65408716222895,-0.10621009923015694,155.64054714799113,0.0,1.8661899027164797,0.059670337037458054,0.9941553967293348,0.6518659305989383,0.046467558103254474,-0.14301726497229073,-0.010355081939568717,0.38512777459153114,-0.9930959317030391,0.07565840091516303
2014-06-30,San Francisco,SFO,CA,0.1268442061750457,126.37836368243464,156.8320654000363,0.047831473340893556,0.13349816592981437,114.39133024851331,0.20393107320029563,2014Q2,12.68442061750457,4.783147334089356,-0.05015786347243337,156.8320654000363,0.0,2.542404767742349,0.12589259662751395,0.5710343159577302,0.42376078902708336,0.08009889955788861,-0.15567195418500396,-0.04660888780037463,1.2433658688679479,-1.1184048215681435,-0.6629053261399138
2014-09-30,San Francisco,SFO,CA,0.13322421355279968,127.39948297720181,158.1669392611987,0.04219901793748264,0.036206400919051016,115.22777123903165,0.2040068579792529,2014Q3,13.322421355279968,4.219901793748264,-0.1474496284831967,158.1669392611987,0.0,2.7112428126728965,-0.404853226088016,0.8079858490121383,0.731210126415327,0.021723840551430607,-0.17596143308425174,-0.030152575531114,-0.24630707393025109,-1.3193147004335986,-0.32765679058389713
2014-12-31,San Francisco,SFO,CA,0.12728965458961847,129.03828986941622,160.83970679504648,0.04589234237131058,0.12266046670818574,115.53043318535356,0.20502282994226462,2014Q4,12.728965458961847,4.589234237131058,-0.06099556269406199,160.83970679504648,0.0,1.6978727171287904,-0.03187827541280175,1.2863528594599272,0.2626640635911004,0.07359628002491145,-0.14921127882943588,-0.032549697062486685,1.0774255419465568,-1.0544301128276279,-0.37649102937284024
2015-03-31,San Francisco,SFO,CA,0.1507545819558851,129.2197047117244,162.39897150895385,0.04707982367194423,0.0453254545689914,116.11813064447296,0.2046546731721241,2015Q1,15.07545819558851,4.707982367194423,-0.13833057483325634,162.39897150895385,0.0,3.2201362659387485,0.08149077735357135,0.1405899307033387,0.5086949325088241,0.027195272741394837,-0.16803630983210435,-0.060995442702544755,-0.10668161349443196,-1.2408387789725617,-0.9559886964438408
2015-06-30,San Francisco,SFO,CA,0.15006826163840056,130.01920698899028,163.47880467593498,0.0459974630691017,0.06085344344150662,117.00705023108858,0.20450874824122348,2015Q2,15.006826163840056,4.59974630691017,-0.12280258596074112,163.47880467593498,0.0,2.2143779399297916,-0.06349847045549062,0.6187154498220604,0.7655303970895755,0.036512066064903974,-0.1416546694875926,-0.012844210401623452,0.13107360532494505,-0.9796032789280352,0.024949793904016263
2015-09-30,San Francisco,SFO,CA,0.13581634734004444,130.95431127311247,165.2168050851981,0.04483399038131742,0.1006774652742754,117.69075654142222,0.20464285200411625,2015Q3,13.581634734004444,4.483399038131742,-0.08297856412797233,165.2168050851981,0.0,0.3596694208153419,-0.13292831818779582,0.7192047281147973,0.5843291570750031,0.060406479164565235,-0.053943707446506964,0.03011295837078996,0.7408350562670398,-0.11107438046034869,0.9000746509769486
2015-12-31,San Francisco,SFO,CA,0.16243212907811422,131.29593755202075,165.2680740983228,0.04401529048422508,0.07097904746949042,117.48477453371598,0.20508013412019369,2015Q4,16.243212907811422,4.401529048422508,-0.11267698193275731,165.2680740983228,0.0,2.4711705220739084,-0.15334936255955167,0.2608744038947952,-0.17501969887817603,0.04258742848169425,-0.13660224629843518,-0.08638649458368958,0.28611075927427676,-0.9295733232080653,-1.4732560416485814
2016-03-31,San Francisco,SFO,CA,0.14005895027575677,132.50447925632835,165.86405407745926,0.045490308917144964,0.04181960955143927,117.94773756314856,0.20560751913901493,2016Q1,14.005895027575676,4.549030891714496,-0.14183641985080847,165.86405407745926,0.0,-0.0752092799951356,0.00728451454674417,0.9204715140777031,0.3940621508361719,0.025091765730863563,-0.04226311170412837,0.027584350558532034,-0.16036100212216944,0.0045888698050209915,0.848561769343167
2016-06-30,San Francisco,SFO,CA,0.18053628936402835,133.93100636414485,167.27147266771038,0.05139214246972131,0.12657263213069284,119.07770305182795,0.20572626036485342,2016Q2,18.053628936402834,5.139214246972132,-0.0570833972715549,167.27147266771038,0.0,3.3013735889697404,0.5529595056940328,1.0765878375001092,0.9580221817094392,0.0759435792784157,-0.21889807132349248,-0.031979654949431474,1.1373262640376276,-1.7444806118092497,-0.3648781126707192
2016-09-30,San Francisco,SFO,CA,0.16032391886838313,134.39853966753734,168.72232664015547,0.0480010845764299,0.03716873458194217,118.89781332653811,0.2062333139412628,2016Q3,16.03239188683831,4.80010845764299,-0.14648729482030556,168.72232664015547,0.0,0.9413902229604236,0.14132788337805025,0.3490851865335154,-0.15106919320700962,0.022301240749165303,-0.06452377047469696,-0.03881655021330338,-0.231572400143685,-0.21583996817888484,-0.5041595681669392
2016-12-31,San Francisco,SFO,CA,0.1608875898055119,134.67227523910074,168.71702621572976,0.04574675675348911,0.04163932598325548,119.33797110734935,0.2060645285322991,2016Q4,16.08875898055119,4.574675675348911,-0.14201670341899225,168.72232664015547,-0.00314150742896091,0.5777831264746354,-0.08228507869326052,0.20367451330984832,0.37019838169976005,0.024971029560237445,-0.039072881989224185,0.008580392924744142,-0.16344206807156567,0.03617906828952413,0.4614125185115148
2017-03-31,San Francisco,SFO,CA,0.15284800181946487,135.35823535855516,169.89931665749734,0.044925761708759476,0.11922682057715162,119.69841178530692,0.20627445966551536,2017Q1,15.284800181946487,4.492576170875948,-0.06442920882509612,169.89931665749734,0.0,-0.2523434204248165,-0.13745880862641435,0.5093551127999696,0.3020335226189941,0.07153609234629096,-0.012850584618757654,0.021142346583329585,1.0248516192103476,0.29583672704140523,0.7173250521858975
2017-06-30,San Francisco,SFO,CA,0.1569756994252988,135.9851003834018,171.13857232471307,0.04381247594148968,0.05507904530525497,120.106682655759,0.20639823550104797,2017Q2,15.69756994252988,4.381247594148968,-0.12857698409699275,171.13857232471307,0.0,0.07408336782234848,-0.22147504625824332,0.46311554164850666,0.3410829470188448,0.033047427183152976,-0.026859945473542757,0.021653305256648676,0.042659496858860405,0.15711364764178234,0.7277343191077366
2017-09-30,San Francisco,SFO,CA,0.14884988257318987,136.4456728741469,173.03361075165049,0.04608200233876175,0.003148170657759977,120.96537734131395,0.20601756501386226,2017Q3,14.884988257318987,4.608200233876175,-0.18050785874448777,173.03361075165049,0.0,-0.9014175078028615,-0.010122555999091176,0.33869334908498416,0.7149433042090481,0.0018889023946559863,0.028136207935893866,0.050046031294633364,-0.7524747968777158,0.7016949340525211,1.3061518690990397
2017-12-31,San Francisco,SFO,CA,0.1371395339465235,137.33302605066714,174.2520575312549,0.04974275085679236,0.12551171036583186,121.08533447845157,0.2065765429421978,2017Q4,13.71395339465235,4.974275085679237,-0.05814431903641587,174.2520575312549,0.0,-1.7562949313246143,0.28435904114687993,0.6503344208934392,0.09916650513903669,0.07530702621949911,0.055298025521558755,0.006941655359732568,1.121082068577053,0.9706558821379764,0.4280281028634854
2018-03-31,San Francisco,SFO,CA,0.1331885525404019,137.32853285143608,173.5798083579769,0.044152609178881974,0.07348327406179683,121.05374200380793,0.20659984220265126,2018Q1,13.31885525404019,4.415260917888197,-0.1101727553404509,174.2520575312549,-0.3857912398867569,-2.0655131002448375,-0.257933879915873,-0.003271754333444843,-0.026091082606927163,0.04254679947753107,0.10343924272891411,-0.0018263757824849014,0.2850739478478759,1.4473584216952595,0.24940548364953777
2018-06-30,San Francisco,SFO,CA,0.12237322262009731,138.06083178422315,174.79779348653366,0.044590208295400974,0.11335196159694777,121.29827626359308,0.20693735725954016,2018Q2,12.23732226200973,4.459020829540098,-0.07030406780529996,174.79779348653366,0.0,-2.420007757976162,-0.12914979108496816,0.5332460178390397,0.20200470942688398,0.06801117695816866,0.09433808700685611,0.014140329659881878,0.9348993147722847,1.357237226235572,0.5746797328023369
2018-09-30,San Francisco,SFO,CA,0.12116333438416527,138.9754669504077,176.2393261442732,0.04490426216273966,0.09581446541282153,122.10565994337088,0.2069341707938637,2018Q3,12.116333438416527,4.490426216273966,-0.0878415639894262,176.2393261442732,0.0,-2.0514892755166407,-0.05903412417997167,0.6624870749830425,0.6656184280997346,0.057488679247692916,0.06945011002667992,0.046593289966981415,0.6663757295846862,1.1107922354537332,1.2358125090523029
2018-12-31,San Francisco,SFO,CA,0.10806086516458091,139.91244014854033,177.1057484989451,0.04633221564262144,0.13877980699062628,122.11276052449676,0.2076187859424614,2018Q4,10.806086516458091,4.6332215642621435,-0.04487622241162145,177.1057484989451,0.0,-2.7014021394634398,0.076442987694052,0.6742004316970363,0.0058151121980598575,0.08326788419437577,0.10136008538832017,0.00040705785386419,1.3242351776012522,1.4267702512688403,0.29490506724982046
2019-03-31,San Francisco,SFO,CA,0.10968327738316837,140.35819294702645,178.56849180873166,0.04357846972561397,0.10316578856763033,122.59897949511125,0.207537051509357,2019Q1,10.968327738316837,4.357846972561397,-0.08049024083461741,178.56849180873166,0.0,-1.9996018621509855,-0.18209045421737535,0.3185941135848136,0.39817212265620405,0.06189947314057819,0.08405038742830859,0.027872048585934284,0.7789347647329645,1.2553666712354234,0.8544227630330546
2019-06-30,San Francisco,SFO,CA,0.09928546537422843,141.59227402840116,180.02887847322694,0.04824802137305921,0.1533714612060808,122.75457405054638,0.2083112409343608,2019Q2,9.928546537422843,4.824802137305921,-0.030284568196166928,180.02887847322694,0.0,-2.3182551374066005,0.22942039263252934,0.8792369404759137,0.1269134181017595,0.09202287672364848,0.07195090984653434,0.008883939267123164,1.5476538037617,1.1355555815883809,0.46759637459609094
2019-09-30,San Francisco,SFO,CA,0.07991032107983581,142.03202898048363,181.0527178959577,0.0469226155090738,0.0675661978015871,122.75311019556369,0.20863489799059692,2019Q3,7.991032107983581,4.6922615509073795,-0.11608983160066064,181.0527178959577,0.0,-3.3940250481789382,0.08637214160508666,0.3105783525973127,-0.0011925054475669938,0.040539718680952255,0.15417233477908127,-8.347538132968957e-05,0.23385525946346583,1.9497261477903323,0.2849119080262023
2019-12-31,San Francisco,SFO,CA,0.08454177953723592,142.99435880927263,182.75909577231664,0.0476644454408999,0.07760833938271416,123.68092963377913,0.2085539744562179,2019Q4,8.454177953723592,4.76644454408999,-0.10604769001953357,182.75909577231664,0.0,-2.2734072723228316,0.18653395248635363,0.6775442382233487,0.755841898211207,0.046565003629628496,0.07979315170497414,0.05290893287478449,0.38761448666526194,1.2132107973598985,1.3644749943826724
2020-03-31,San Francisco,SFO,CA,0.1546423084968716,144.35768471677005,183.70712894655327,0.05484694797083333,-0.051073945298114515,123.45342864902105,0.20973961761682774,2020Q1,15.46423084968716,5.484694797083333,-0.23472997470036225,183.70712894655327,0.0,4.468473674184864,0.7711049705803044,0.9534123715438714,-0.18394184570872385,-0.030644367178868707,-0.2710943022864368,-0.1469301394251566,-1.5826911983562666,-2.261336588844088,-2.7066531684300936
2020-06-30,San Francisco,SFO,CA,0.16443038360529477,145.1628185334212,184.85748869142495,0.057832448978298964,-0.0140590165972596,124.1247824015036,0.20975419191268324,2020Q2,16.443038360529478,5.7832448978298965,-0.19771504599950734,184.85748869142495,0.0,4.921566672712215,0.9041270627906428,0.5577353351370329,0.5438113463751559,-0.008435409958355759,-0.2739651003924624,-0.10958020593510553,-1.015940890566415,-2.2897637210830624,-1.9457590932098725
2020-09-30,San Francisco,SFO,CA,0.14215041607815113,145.41460323936892,185.44979526710165,0.05680615560523437,-0.00022987247589294907,123.83933371658105,0.21017978604838797,2020Q3,14.215041607815113,5.680615560523437,-0.1838859018781407,185.44979526710165,0.0,2.4312313988230265,0.6527240574529998,0.17344986029583787,-0.2299691321908659,-0.00013792348553576944,-0.13023406295594323,-0.0890347812180514,-0.8041973599872584,-0.8665144861484056,-1.5272070241880167
2020-12-31,San Francisco,SFO,CA,0.14535220650003472,146.21190739567106,185.442125997047,0.05557824799020961,-0.09321831901516867,124.38417264410789,0.2102937789501689,2020Q4,14.535220650003472,5.5578247990209615,-0.2768743484174164,185.44979526710165,-0.004135496641355374,2.2852686743182122,0.4143578916056718,0.5482971713574702,0.4399562813974356,-0.05594753339566662,-0.14167829228378412,-0.03776112053172588,-2.228402615557906,-0.9798371958829689,-0.4826583199321117
2021-03-31,San Francisco,SFO,CA,0.13569707877341142,146.3988619498142,185.54556097583335,0.05361262008548414,-0.07850590321563047,124.01507763231018,0.21074431986043046,2021Q1,13.569707877341141,5.361262008548414,-0.26216193261787823,185.54556097583335,0.0,0.9945833842778455,0.09236822163474745,0.12786547790339942,-0.2967379240876422,-0.04710354192937828,-0.056122443109062246,-0.05060915621447032,-2.0027128258103635,-0.13264859240622856,-0.7443989260250856
2021-06-30,San Francisco,SFO,CA,0.13910524145564268,147.22051753226756,185.98080670213398,0.05862281360219366,-0.048360891192990016,123.8562778607544,0.21147759376234637,2021Q2,13.910524145564269,5.862281360219366,-0.23201692059523776,185.98080670213398,0.0,0.8376524514832919,0.4637026704415188,0.5612445148207579,-0.12804876196311765,-0.029016534715794007,-0.06994484831520249,-0.03409298688191699,-1.5411505469732392,-0.2695204051021096,-0.40793098040421216
2021-09-30,San Francisco,SFO,CA,0.15418020118836723,148.57963220409238,185.84808101559003,0.0552697597593613,0.0017002977462740251,123.21279222914937,0.21302904683386242,2021Q3,15.418020118836722,5.526975975936129,-0.1819557316559737,185.98080670213398,-0.07136526015639744,1.4167749233991032,0.024057983029688756,0.9231829194778607,-0.5195422006210038,0.0007347176071388253,-0.11699789214384819,-0.07887120174544336,-0.7819284347534975,-0.7354476663594027,-1.320154248423442
2021-12-31,San Francisco,SFO,CA,0.13955172006502678,148.96876921504503,187.37214006676817,0.05516364019884539,-0.0679613992540544,122.45562157311738,0.21398610653491898,2021Q4,13.955172006502679,5.516364019884539,-0.2516174286563021,187.37214006676817,0.0,-0.7336974455323251,-0.08029390749622145,0.26190468045992343,-0.6145227636947137,-0.04077683955243264,0.02358963825362008,-0.04301659345862996,-1.8412617282272272,0.6566740259919971,-0.5897229874937492
2022-03-31,San Francisco,SFO,CA,0.13910122798383773,149.37247150039346,187.61909417927438,0.05655934100299244,0.026581262865975036,122.34691800372968,0.2143803521526026,2022Q1,13.910122798383773,5.655934100299244,-0.1570747665362727,187.61909417927438,0.0,-0.5844831472383074,0.037871260016495434,0.27099793297322705,-0.08876976654174085,0.01594875771958502,0.015674260713254017,-0.006213883657921858,-0.39368139411838193,0.5782946082303981,0.16002302870376653
2022-06-30,San Francisco,SFO,CA,0.13078754798591002,150.0125169659667,188.33130049297105,0.05541451314006757,0.0015518229396765879,122.20258479197625,0.21498151354506767,2022Q2,13.078754798591003,5.541451314006757,-0.18210420646257114,188.33130049297105,0.0,-0.995315701788769,-0.046387328298099106,0.42848957317518366,-0.11797045165373721,0.0009310937638059526,0.028341306430679267,-0.008257931615761605,-0.7769171122439072,0.7037258543116093,0.11838161638370062
2022-09-30,San Francisco,SFO,CA,0.1347159898008571,151.0896114481002,189.5963281967888,0.05307659761797739,-0.03404574279155038,121.88819830406803,0.21606178546840643,2022Q3,13.47159898008571,5.307659761797739,-0.2177017721937981,189.5963281967888,0.0,-0.5095411918278856,-0.23355940566640498,0.7180030732887754,-0.25726664329023263,-0.020427445674930225,-0.010423094073044491,-0.018008665030316284,-1.321965611399233,0.319874152246266,-0.08026064588867456
2022-12-31,San Francisco,SFO,CA,0.16012062528430393,151.55334264426622,190.1339923682982,0.05643407777704779,-0.027262310066239755,122.3386889133548,0.21599212860736328,2022Q4,16.01206252843039,5.6434077777047795,-0.21091833946848748,190.1339923682982,0.0,1.8463171217134313,0.0914907379051586,0.3069246070073639,0.3695932957864967,-0.016357386039743852,-0.10766208643603976,-0.029517982946348165,-1.2181017726758923,-0.6430029267393648,-0.3147288495460468
2023-03-31,San Francisco,SFO,CA,0.1588906273334922,152.31033985395686,189.78642619683512,0.053866913396888705,-0.06325667904027714,122.19613993831112,0.21667973492269366,2023Q1,15.88906273334922,5.386691339688871,-0.2469127084425249,190.1339923682982,-0.18280064870769275,1.4333979696312493,-0.16840436650330748,0.49949225565251165,-0.11651994664144683,-0.03868521001899705,-0.09664451126418805,-0.051158335353838756,-1.787885440899245,-0.5339050191903524,-0.755586821540115
2023-06-30,San Francisco,SFO,CA,0.15428853476359805,152.58039712852587,190.44800324723258,0.05823113598388143,-0.06674307218955985,122.09137089447,0.21697507207890082,2023Q2,15.428853476359805,5.823113598388143,-0.25039910159180756,190.44800324723258,0.0,0.7833975462923934,0.2729138624248675,0.17730724967717215,-0.0857384234019265,-0.04004584331373591,-0.04803523979847828,-0.029503616026906657,-1.8226074375659826,-0.052567726576304694,-0.3144361661899942
2023-09-30,San Francisco,SFO,CA,0.1704090737447542,153.71699727930104,191.65922185648674,0.05725889232180484,-0.06978134773930711,122.13885703757283,0.2177688653773898,2023Q3,17.04090737447542,5.725889232180484,-0.25343737714155484,191.65922185648674,0.0,2.192590537453169,0.15082533918666474,0.7449188573141141,0.038893938822148755,-0.04186880864358426,-0.14687546973836416,-0.06305514040604467,-1.8691276839478126,-1.0313005330158247,-0.997948925897937
2023-12-31,San Francisco,SFO,CA,0.1888073272663717,154.23093700051038,192.0750730501918,0.05682406960387129,-0.042859657926601326,122.2149732583534,0.21807678981529527,2023Q4,18.88073272663717,5.682406960387129,-0.22651568732884905,192.0750730501918,0.0,3.4167207995981066,0.08658769983048664,0.33434150439168864,0.06231941466190438,-0.025715794755960794,-0.18755311519948975,-0.09813926496160989,-1.456918974567764,-1.4340975128056637,-1.7126838668779178
2024-03-31,San Francisco,SFO,CA,0.18833931165087667,154.87753719244517,191.29190194482402,0.05572531916435631,-0.06884788609177142,121.2542747408176,0.21945659330044068,2024Q1,18.833931165087666,5.572531916435631,-0.2525039154940192,192.0750730501918,-0.4077421879533194,2.754443192210619,-0.012862071138060927,0.41924156366413,-0.7860726815403729,-0.04293970040687613,-0.15868423779373747,-0.13765838347414466,-1.896455767406621,-1.1482329673743663,-2.5177686508206576
2024-06-30,San Francisco,SFO,CA,0.1956328301085565,155.59081842877407,192.46899452613496,0.05821976937034465,-0.013879066143225326,121.23889344498944,0.22000067194355766,2024Q2,19.56328301085565,5.8219769370344645,-0.19753509554547305,192.46899452613496,0.0,2.673229011445521,0.20151724658230918,0.460545311643612,-0.012685157583958162,-0.008327439685935195,-0.15668871615445665,-0.0810848313742427,-1.0131855975322157,-1.128472971919965,-1.3652503841296546
2024-09-30,San Francisco,SFO,CA,0.20188253523603006,156.34251115201755,192.4291574056171,0.054072592810721326,-0.03908241975725844,120.49830531581784,0.22127198253372032,2024Q3,20.188253523603006,5.4072592810721325,-0.22273844915950616,192.46899452613496,-0.02069794182483209,2.4586177062532144,-0.22565034928932182,0.4831215176026582,-0.6108502875008748,-0.02353224362165439,-0.14708696119279363,-0.11651805131265766,-1.4011969402031785,-1.0333947574511342,-2.0870971077468883
2024-12-31,San Francisco,SFO,CA,0.2116159616228319,156.80551173647,193.3848185359715,0.055052231015058004,-0.09428805386664205,119.78769866073117,0.22231256518044004,2024Q4,21.16159616228319,5.5052231015058,-0.27794408326888975,193.3848185359715,0.0,2.788268640701798,-0.11041344433078137,0.29614503505208667,-0.5897233601951712,-0.05657283231998522,-0.1542206837876942,-0.12492869443471591,-2.2443596167939166,-1.104034094691795,-2.258439006443187
2005-03-31,Washington DC,DCA,DC,0.11858535899874964,100.54674332400937,110.03903440161749,0.04274635155041029,0.09333612127315336,99.06215021049069,0.19584878336410805,2005Q1,11.858535899874964,4.274635155041029,0.0,110.03903440161749,0.0,0.0,0.0,,,0.056001672763892014,-0.0,0.0,0.470651458128131,0.4444157195541057,0.21496324728398444
2005-06-30,Washington DC,DCA,DC,0.12986415027237347,101.04084362048229,111.37610843083144,0.04591316451197002,0.10323823786647181,99.42718925056423,0.19596065572593668,2005Q2,12.986415027237348,4.591316451197002,0.0,111.37610843083144,0.0,0.5639395636811919,0.15834064807798676,0.4914135258271779,0.368494969368105,0.061942942719883085,-0.05276765447541849,0.008876460945331593,0.615839711920781,-0.12774316065578134,0.38677557412701175
2005-09-30,Washington DC,DCA,DC,0.14296726384985264,100.87608126527324,112.39569974493855,0.04655201089105686,0.09532602159538286,100.68949118665945,0.19466678112956307,2005Q3,14.296726384985265,4.655201089105685,-0.007912216271088943,112.39569974493855,0.0,1.249500614286072,0.14815019065778046,-0.16306510249252115,1.2695741935479399,0.05719561295722972,-0.054321775589677546,0.05138517511977361,0.4998280639864056,-0.14459447241645912,1.2095720848531935
2005-12-31,Washington DC,DCA,DC,0.14591196470965256,101.47392223819605,113.00641816398624,0.0457491914433057,0.060316665162186464,101.65929533131985,0.19433588733005902,2005Q4,14.591196470965256,4.57491914433057,-0.04292157270428534,113.00641816398624,0.0,1.157978025199549,0.0509011844119982,0.592648887054481,0.9631632191511974,0.036189999097311874,-0.08753134561270151,0.03268208458459735,-0.013491212658956796,-0.5046853384123469,0.8475560151836172
2006-03-31,Washington DC,DCA,DC,0.15061470678527303,102.36963366804471,113.19581388515344,0.044051750289094284,0.0886582184624312,102.72507592582612,0.19418858817662568,2006Q1,15.061470678527304,4.4051750289094285,-0.014580019404040606,113.19581388515344,0.0,1.3026017862092782,-0.09507434480731458,0.8827011020093423,1.0483847945559344,0.05319493107745872,-0.10926514441093102,0.03430888203263706,0.402062431317564,-0.7403445904053427,0.8790442238933059
2006-06-30,Washington DC,DCA,DC,0.16242977543179388,103.31425125099463,115.16738996379631,0.047697242395536917,0.07953068414404306,103.73928143242344,0.19413126102474973,2006Q2,16.24297754317939,4.769724239553692,-0.023707553722428748,115.16738996379631,0.0,2.0700905423844684,0.224562388197457,0.9227517468832991,0.9873008099109404,0.04771841048642583,-0.14964211446338838,0.007008340422231772,0.26823137038929123,-1.1781514666280504,0.3506163282435722
2006-09-30,Washington DC,DCA,DC,0.1640419994527487,103.96166451071942,118.02456882504019,0.04547117857129977,0.10103729464877613,104.16638828335573,0.19432311818772915,2006Q3,16.40419994527487,4.547117857129977,-0.002200943217695678,118.02456882504019,0.0,1.9125539524113844,0.0016765763774930775,0.6266446805600401,0.4117117884709032,0.06062237678926567,-0.12695993164857122,-0.02855679337937831,0.5835687222326135,-0.9322089010723391,-0.3377805937472744
2006-12-31,Washington DC,DCA,DC,0.17186879715234105,105.05670673101142,117.87456043227675,0.04723679595950688,0.08534261150940847,103.73803258749898,0.19564404206399438,2006Q4,17.186879715234106,4.7236795959506885,-0.017895626357063335,118.02456882504019,-0.12709929318683866,2.358329507074293,0.15595852579842973,1.053313474198081,-0.4112225670064751,0.05069716973289773,-0.1705821490636187,-0.09953546490268204,0.34102403200330506,-1.4052039454151333,-1.711640151712149
2007-03-31,Washington DC,DCA,DC,0.16115755983522195,106.55945812577629,118.55413021322214,0.043180248909158093,0.13007886648537345,104.54098369646496,0.1962377175172321,2007Q1,16.115755983522195,4.318024890915809,0.0,118.55413021322214,0.0,0.7550532649064792,-0.2551198962207968,1.4304192864264653,0.7740180615906089,0.07804731989122407,-0.10927362756664723,0.03152966636414825,1.0093862797833388,-0.7404365731346014,0.8252498666891777
2007-06-30,Washington DC,DCA,DC,0.17093533626112692,107.5340173515374,119.41954841606645,0.04505219348575394,0.07964287053064852,104.87159871592092,0.19678486721037378,2007Q2,17.09353362611269,4.505219348575394,-0.050435995954724935,119.41954841606645,0.0,1.219441082637557,-0.057163300733511946,0.914568488712475,0.31625397788097587,0.04778572231838911,-0.1067004785675016,-0.014445454027458404,0.2698762859401286,-0.7125359574146022,-0.06464222656952473
2007-09-30,Washington DC,DCA,DC,0.17584574561982125,108.46634423318044,120.28378562408278,0.04429907580709984,0.09854936192829342,104.98420560962286,0.19748513928166977,2007Q3,17.584574561982123,4.429907580709984,-0.031529504557080035,120.28378562408278,0.0,1.2995009963823811,-0.10431338004945889,0.8670064641918662,0.10737596745040712,0.059129617156976046,-0.10832537302871237,-0.03146871216994294,0.5470897933252101,-0.7301546635069621,-0.39414354583663924
2007-12-31,Washington DC,DCA,DC,0.16074351029327572,108.7955801502422,121.32378999968357,0.04601420607177673,0.13863650131547034,104.96748470689977,0.1977822410755373,2007Q4,16.074351029327573,4.6014206071776735,0.0,121.32378999968357,0.0,-0.39611685606745795,0.06388696356234291,0.30353739622124287,-0.01592706505325614,0.0831819007892822,0.004628972992310753,-0.0011148945537279298,1.1348612775646512,0.49460760377052704,0.19338340497516907
2008-03-31,Washington DC,DCA,DC,0.16952313914634948,110.08718888828972,124.05907331730427,0.043723710197606735,0.08029147819678346,105.34697866083506,0.19854965501520858,2008Q1,16.95231391463495,4.372371019760673,-0.058345023118686876,124.05907331730427,0.0,0.24549062472646455,-0.1610621227110629,1.187188612132828,0.36153476954787767,0.04817488691807008,-0.07163396184296462,0.0179427151265575,0.2793863955773148,-0.33231024639083717,0.5622615291962996
2008-06-30,Washington DC,DCA,DC,0.1736926768185389,110.78006111363794,124.14524381369,0.04551042214200366,0.10775220690008691,106.44843854468557,0.19816229919889394,2008Q2,17.369267681853888,4.551042214200366,-0.03088429441538343,124.14524381369,0.0,0.5216581246110898,0.044944324897794985,0.629384974169267,1.0455543176009385,0.06465132414005215,-0.057552154939017844,0.057539058493733,0.682025085066851,-0.17962142689351862,1.328686338620812
2008-09-30,Washington DC,DCA,DC,0.1656522239335836,111.57324466747299,125.42741425766107,0.046223180422267675,0.11660716981364751,106.70671420329042,0.19860459402715755,2008Q3,16.565222393358358,4.622318042226768,-0.022029331501822833,125.42741425766107,0.0,-0.30251496989487947,0.10682012978709832,0.7159984801068164,0.2426298235426172,0.0699643018881885,-0.02067417551059685,0.016984087647983204,0.8118596099083415,0.22024594685905075,0.5437063844506747
2008-12-31,Washington DC,DCA,DC,0.17017696377088778,112.84119482059592,126.21418524483815,0.04579439674663436,0.0008389033111665528,107.24513492890208,0.1991962073439167,2008Q4,17.01769637708878,4.579439674663436,-0.1377975980043038,126.21418524483815,0.0,0.17110693110371145,0.08197175238467302,1.1364285021035814,0.5045799878964363,0.0005033419866999316,-0.06537677166036464,0.0301873912196392,-0.8855747012003408,-0.26446362778086124,0.7992688572235808
2009-03-31,Washington DC,DCA,DC,0.15074459877230934,113.37526551358296,127.82029384379217,0.046621465810073606,0.0726362895691256,106.37970749635429,0.20041842407135926,2009Q1,15.074459877230934,4.66214658100736,-0.06600021174634474,127.82029384379217,0.0,-1.641967555467728,0.12166344746715385,0.47329407831613324,-0.806961950415297,0.04358177374147536,0.058433673857579735,-0.056487336529070786,0.16714337573113802,1.0780111623168174,-0.8784027671667479
2009-06-30,Washington DC,DCA,DC,0.1523868032040269,113.37154487196665,129.2660689651848,0.045273909723157695,0.11519927834403458,106.78971530442337,0.20004701976112824,2009Q2,15.23868032040269,4.52739097231577,-0.02343722297143576,129.2660689651848,0.0,-1.2458904490822214,-0.0158636141919839,-0.0032817048758015943,0.3854191910455551,0.06911956700642075,0.062458607697901146,0.026979343373188858,0.7912166188794745,1.1216534591346528,0.7371740461815428
2009-09-30,Washington DC,DCA,DC,0.1367701613084578,114.3238601490326,129.9813306924379,0.04810079507844612,0.12539765470140596,107.15601854474593,0.20052024742190677,2009Q3,13.677016130845779,4.810079507844612,-0.013238846614064381,129.9813306924379,0.0,-2.31910983474709,0.21930343044502987,0.8399949724081424,0.3430135938450096,0.07523859282084357,0.07395574311694739,0.02401095156915067,0.9407487356640923,1.2463167247730247,0.6797180053140616
2009-12-31,Washington DC,DCA,DC,0.13149697266144628,115.03195490482975,130.86206372440816,0.04620637382182081,0.12112119338209643,107.05554906188722,0.20120564517351486,2009Q4,13.149697266144628,4.620637382182081,-0.017515307933373914,130.86206372440816,0.0,-2.480846979050373,0.027459207906948002,0.6193761782309348,-0.09375999987976114,0.07267271602925786,0.0930735400409719,-0.0065631999915832795,0.878045782662982,1.453610707969217,0.08792628187232221
2010-03-31,Washington DC,DCA,DC,0.13925613196684677,115.38229607461984,131.37396556006914,0.042407923152445376,0.08184044819518146,107.36180075571463,0.2012234768196923,2010Q1,13.925613196684678,4.240792315244538,-0.056796053120288875,131.37396556006914,0.0,-1.3265934587665384,-0.3359385209660788,0.3045598678036443,0.28606802404083087,0.049104268917108874,0.05110167954814471,0.02002476168285816,0.3020979287253245,0.9985104587987966,0.6025615165039286
2010-06-30,Washington DC,DCA,DC,0.13106497197693628,116.11149508124609,133.24089984981111,0.04635264777532624,0.13529085673239877,107.66305759989542,0.2015623980989585,2010Q2,13.106497197693628,4.6352647775326234,-0.003345644583071572,133.24089984981111,0.0,-1.6128631472375563,0.04800612090547407,0.6319851757453865,0.2805996565447444,0.08117451403943926,0.04904389857460849,0.019641975958132107,1.0858062810647349,0.9761979707937789,0.5951523354741776
2010-09-30,Washington DC,DCA,DC,0.12420980001803433,116.94695731784589,133.6545077358495,0.044093022696917394,0.11865399130882956,107.76691222806122,0.2021665837500491,2010Q3,12.420980001803434,4.409302269691739,-0.01998251000664078,133.6545077358495,0.0,-1.7803500441833844,-0.15132941536853028,0.7195344750450472,0.09646264046461184,0.07119239478529774,0.05304077845691686,0.006752384832522829,0.841870813665654,1.0195360789687462,0.3456620648600892
2010-12-31,Washington DC,DCA,DC,0.11229201038305424,117.2577465410707,135.17301188866216,0.048932241843459526,0.14020859853198867,107.04205050938005,0.2030892659798365,2010Q4,11.229201038305424,4.893224184345953,0.0,135.17301188866216,0.0,-2.2485670903334753,0.293369435575368,0.26575229518810417,-0.6726199198759497,0.0841251591191932,0.09914073975726856,-0.04708339439131647,1.15791190997314,1.519397262823634,-0.6963805411764997
2011-03-31,Washington DC,DCA,DC,0.09845278726329937,118.142222385487,135.36317930594402,0.04342123940915371,0.10324479813014313,106.94021337943948,0.20392751822429142,2011Q1,9.845278726329937,4.342123940915371,-0.036963800401845534,135.36317930594402,0.0,-2.978841758446338,-0.21772797784371445,0.7543005647874246,-0.09513749919396464,0.06194687887808588,0.11122705968294566,-0.0066596249435775245,0.6159359007727182,1.6504490471654092,0.08605988540306589
2011-06-30,Washington DC,DCA,DC,0.11334853607310663,119.08380319292688,136.34235414238634,0.04625153623133126,-0.009233350646662988,108.13363061785483,0.2036138670377147,2011Q2,11.334853607310663,4.6251536231331265,-0.14944194917865167,136.34235414238634,0.0,-1.0012885383291081,0.05308137302187088,0.796989246035662,1.1159667637663295,-0.0055400103879977925,0.010214964614672306,0.07811767346364307,-1.033257567798794,0.555176426532984,1.727004963911054
2011-09-30,Washington DC,DCA,DC,0.11060898521639492,119.4035215254568,137.3529578791189,0.04562489497391142,0.053747481647762045,107.606430333909,0.204366865799234,2011Q3,11.060898521639492,4.562489497391143,-0.08646111688422661,137.3529578791189,0.0,-0.9482289228494931,0.021365998586571067,0.268481795137121,-0.48754516142065496,0.032248488988657224,0.0339873563856186,-0.03412816129944585,-0.10981085041663678,0.8129401113280242,-0.4456197080002175
2011-12-31,Washington DC,DCA,DC,0.10200163374517361,120.32777225763738,139.59681808275252,0.04379293606777145,0.12215086777671237,107.29463217273988,0.2054323512638761,2011Q4,10.200163374517361,4.3792936067771455,-0.018057730755276294,139.59681808275252,0.0,-1.440272333518216,-0.13166192010180922,0.7740565105389452,-0.289757926363321,0.07329052066602743,0.03331079114896354,-0.02028305484543247,0.893143224297851,0.8056041246892051,-0.1776345312609995
2012-03-31,Washington DC,DCA,DC,0.10580282295280344,121.40265690959967,141.4912317164945,0.04277715719232549,0.11730291672475598,108.02007544383783,0.20565007860316464,2012Q1,10.580282295280345,4.277715719232549,-0.02290568180723268,141.4912317164945,0.0,-0.6419870500796918,-0.23785523314490753,0.893297226230394,0.6761226134127662,0.07038175003485359,-0.012565508807535111,0.04732858293889363,0.8220608914377501,0.30816809740641415,1.1310528928077668
2012-06-30,Washington DC,DCA,DC,0.09973995152512834,121.74156928869442,141.37553051697083,0.04450756775779928,0.07186607833453298,108.35100774627165,0.20562265186900877,2012Q2,9.973995152512833,4.450756775779928,-0.06834252019745568,141.4912317164945,-0.0817726993539103,-0.8567114371996034,-0.04175067637844165,0.2791638895902615,0.3063618508634347,0.04279255620330415,0.028877377380467098,0.02144532956044043,0.14785707548247373,0.7575326861818958,0.6300579561310569
2012-09-30,Washington DC,DCA,DC,0.0931660070649104,122.38234898620127,141.54781427979233,0.04490701187888569,0.10431561363770238,107.65154972153317,0.20681540035651655,2012Q3,9.316600706491041,4.490701187888569,-0.03589298489428629,141.54781427979233,0.0,-1.1260584713073474,-0.01198112904440407,0.5263442070368995,-0.6455482411168889,0.06258936818262142,0.02998571321352239,-0.04518837687818222,0.6316365676161607,0.769550354873856,-0.6597006785212012
2012-12-31,Washington DC,DCA,DC,0.08779292355189555,122.87488684743974,142.17510605569686,0.04734950402730178,0.071914197102035,107.9136361578989,0.20697768687998302,2012Q4,8.779292355189556,4.734950402730178,-0.06829440142995366,142.17510605569686,0.0,-1.3571282372193476,0.25205230849917637,0.40245825098030874,0.24345811745738466,0.043148518261221,0.04773349931195195,0.017042068222016926,0.15655580655987097,0.9619893313876311,0.5448286534943602
2013-03-31,Washington DC,DCA,DC,0.1172376938970114,123.64398543558964,142.12794855385667,0.04573926659637532,0.014734224911771968,108.85391872778925,0.2067283700877203,2013Q1,11.72376938970114,4.573926659637531,-0.12547437362021668,142.17510605569686,-0.033168606761380115,1.3525374643708368,0.06205322556626047,0.625920078449238,0.8713287804652747,0.00870786052001766,-0.09892287714100374,0.020416890701444132,-0.6850788934209534,-0.628203542658952,0.6101515458546872
2013-06-30,Washington DC,DCA,DC,0.09756858818913701,124.02063890289023,143.23551295223464,0.04567916447076409,0.0706927346056923,108.87260827968348,0.2070221832895411,2013Q2,9.7568588189137,4.567916447076409,-0.06951586392629637,143.23551295223464,0.0,-0.41712375786698175,0.06319766001222771,0.30462740745023087,0.017169388215565462,0.04241564076341538,0.005624817520837544,0.0012018571750895823,0.1386463015317367,0.5054055309471169,0.23822633367132787
2013-09-30,Washington DC,DCA,DC,0.12852178413428236,125.44701714830738,144.1177321627681,0.04833539771051555,0.16553579081127287,108.91124653771065,0.20816451493545626,2013Q3,12.852178413428236,4.833539771051555,0.0,144.1177321627681,0.0,2.4542858501739584,0.29493969977982193,1.1501136085373842,0.03548942074385053,0.09932147448676372,-0.18021997293556713,-0.07114431605314922,1.5292679514664504,-1.5097067240406823,-1.1621025177804143
2013-12-31,Washington DC,DCA,DC,0.11757635413430353,126.1316224967833,144.3719677128948,0.04393189685225841,0.09793744611487092,108.93559023932032,0.20870695385017565,2013Q4,11.757635413430354,4.393189685225841,-0.06759834469640195,144.3719677128948,0.0,1.1650588453119521,-0.1471473958519791,0.5457326639074722,0.02235187125623206,0.05876246766892255,-0.08553957546097121,-0.033387134371422315,0.5381176723062687,-0.48308860475081244,-0.4312764284498215
2014-03-31,Washington DC,DCA,DC,0.12833190547426027,126.72339140764008,145.60307375630723,0.044935685892269366,0.06719959807859772,108.66795098318462,0.20945371564015636,2014Q1,12.833190547426026,4.493568589226936,-0.09833619273267515,145.60307375630723,0.0,1.9590004477894158,-0.07375010060018194,0.469167762328504,-0.24568578143077113,0.04031975884715863,-0.12140841050589599,-0.07596801813383645,0.08742872720319403,-0.872013841200306,-1.2554698500522137
2014-06-30,Washington DC,DCA,DC,0.11689017777736489,127.32476370441145,145.98703959462182,0.04775963335947247,0.14020644673338784,109.14054881559642,0.20949515402619528,2014Q2,11.68901777773649,4.775963335947247,-0.025329344077885035,145.98703959462182,0.0,0.6004498499469229,0.1679938260992131,0.474555084180861,0.4349008407133148,0.0841238680400327,-0.05375024670638919,0.012429563351524349,1.1578803595587996,-0.13839739337019974,0.45554924368735605
2014-09-30,Washington DC,DCA,DC,0.13285891660453988,128.44511258894735,148.46421055132106,0.044974900420951966,0.08257946278196869,109.48390276881553,0.21008684738719355,2014Q3,13.285891660453988,4.497490042095197,-0.08295632802930418,148.46421055132106,0.0,1.7011623634190514,-0.11132807452866533,0.8799143638207108,0.3145979720142744,0.049547677669181216,-0.1290538363619881,-0.029013012861572336,0.31293361586067237,-0.954913078243089,-0.3466111548537367
2014-12-31,Washington DC,DCA,DC,0.13341989771389373,128.93053873314557,149.08964450013292,0.043026422541782836,0.05537754448709794,110.47924506798196,0.20953102622436356,2014Q4,13.341989771389374,4.302642254178283,-0.11015824632417492,149.08964450013292,0.0,1.1869232973294608,-0.2521373438765915,0.3779249629775272,0.9091220480769602,0.033226526692258763,-0.0782424130153494,0.02803084444550339,-0.08591030602442462,-0.4039655826058433,0.7575268474865845
2015-03-31,Washington DC,DCA,DC,0.1416492571239615,129.96308718732465,150.36128267090587,0.04762743492265764,0.07036173440335845,111.42412274134668,0.20947437681435635,2015Q1,14.164925712396151,4.7627434922657645,-0.09517405640791442,150.36128267090587,0.0,1.7047146979993606,0.18436179013236043,0.8008563869543739,0.8552535571575426,0.04221704064201507,-0.12527855424768672,0.008726308061047162,0.1337930622339595,-0.9139777513184982,0.3838692225314845
2015-06-30,Washington DC,DCA,DC,0.15883112918724204,130.66226294121026,151.49819120509898,0.041583958006757876,0.05966190238737237,111.53663820263253,0.20993265293100227,2015Q2,15.883112918724205,4.1583958006757875,-0.1058738884239005,151.49819120509898,0.0,2.6571201418511006,-0.3687958206575388,0.5379802596392924,0.1009794454895907,0.03579714143242342,-0.15975502007451964,-0.07264504307126166,-0.023091570625639695,-1.2878055493735436,-1.1911505136569358
2015-09-30,Washington DC,DCA,DC,0.14353514409279702,131.19984565890667,152.3376323871209,0.04547191597731291,0.13130065805263286,112.3839388140666,0.20956827073250478,2015Q3,14.353514409279702,4.547191597731291,-0.03423513275864001,152.3376323871209,0.0,0.9398546329251651,0.05579349806299749,0.4114292111550899,0.7596612423397042,0.07878039483157971,-0.06756419220401275,0.024980647976024346,1.0273006097629185,-0.2881817956858765,0.6984873996731853
2015-12-31,Washington DC,DCA,DC,0.15745344494989724,132.04711409693948,153.71887076418585,0.04456473576466294,0.08857960050906434,113.04339083800895,0.20962989906464022,2015Q4,15.745344494989725,4.456473576466294,-0.07695619030220853,153.71887076418585,0.0,1.833221083440268,-0.042835009607055774,0.645784630140156,0.5867849364430855,0.0531477603054386,-0.1239502856790212,-0.013921686952192057,0.4009097077297818,-0.8995753552972825,-0.05450421768518368
2016-03-31,Washington DC,DCA,DC,0.14576584919686641,132.4849907258744,154.62178908979962,0.045777648800386796,0.14289703709425478,112.99672362303149,0.21002207872068218,2016Q1,14.576584919686642,4.577764880038679,-0.022638753717018095,154.62178908979962,0.0,0.4465372116046087,0.06793175761386117,0.3316063602976316,-0.04128256825234322,0.08573822225655287,-0.038907178595112016,-0.016285896125802283,1.1973307247897236,0.02254576989629825,-0.1002657302703584
2016-06-30,Washington DC,DCA,DC,0.15806092919662101,133.6116492109642,155.51853893297738,0.049128929173456536,0.06175777964764732,113.1583345614558,0.21076745679485082,2016Q2,15.8060929196621,4.912892917345654,-0.10377801116362555,155.51853893297738,0.0,1.1614108188393644,0.385943597246035,0.8504046223779094,0.1430226764481013,0.037054667788588395,-0.10059077206086368,-0.02483073721381384,0.007638905703872711,-0.6462885020747505,-0.2656592400122443
2016-09-30,Washington DC,DCA,DC,0.15884246610890054,134.51365324255798,155.49020020993532,0.048537765701493416,-0.01708508818676263,113.34584450906962,0.2113078749976715,2016Q3,15.884246610890054,4.853776570149342,-0.1826208789980355,155.51853893297738,-0.018222086727726072,0.9147701412628102,0.2822914340429552,0.6750938536576045,0.16570582126407274,-0.010323941258968483,-0.07949319974602073,-0.015843696749399214,-1.1501636458874684,-0.41752784422836203,-0.09170654161890551
2016-12-31,Washington DC,DCA,DC,0.14465506643597137,134.87313140974965,156.02660321134618,0.0447747894163389,0.12449423072361065,113.65421670569127,0.21130274061727466,2016Q4,14.465506643597138,4.4774789416338905,-0.041041560087662216,156.02660321134618,0.0,-0.6444094350560778,-0.11586078040444736,0.2672428846634878,0.2720630808807245,0.07469653843416639,0.0188583275196295,0.019044415661650715,0.9275024212489485,0.6488962799187691,0.5835859887511096
2017-03-31,Washington DC,DCA,DC,0.14914238140926378,135.70953357120243,158.00938730594282,0.04892212851967254,0.12610599456413923,113.52875456087394,0.21208382815570453,2017Q1,14.914238140926377,4.892212851967255,-0.039429796247133636,158.00938730594282,0.0,-0.28934199129311544,0.28268945996623085,0.6201399438942046,-0.1103893444993953,0.07566359673848354,-0.016539897630054458,-0.007727254114957671,0.9511346593999697,0.2650738594529216,0.06539490943234541
2017-06-30,Washington DC,DCA,DC,0.1416085923806801,136.88312818423162,159.9065897977256,0.04674134519754646,0.08169278856116703,115.4823181780159,0.21117850915142158,2017Q2,14.16085923806801,4.674134519754646,-0.08384300225010584,159.9065897977256,0.0,-0.8274391840694584,0.0001437878687644556,0.8647842064930966,1.7207654789293647,0.049015673136700216,-0.001867251121181912,0.12045358352505553,0.29993289216812186,0.4241691438594481,2.5464566870095418
2017-09-30,Washington DC,DCA,DC,0.13722654005315474,136.76959182213102,161.49359673225092,0.04694893675657186,0.10637427566566626,116.89667018369643,0.20980037549100836,2017Q3,13.722654005315475,4.694893675657186,-0.05916151514560661,161.49359673225092,0.0,-1.1867868663264662,0.0024401840305667832,-0.08294401480056779,1.224734684924056,0.06382456539939975,0.06348654405635171,0.08573142794468391,0.661821381354972,1.1327993575382302,1.874376408618096
2017-12-31,Washington DC,DCA,DC,0.14845800472020917,137.5181025919216,162.28864732092086,0.044038942631086105,0.11722534366494022,117.36969665153472,0.20994995502560249,2017Q4,14.845800472020917,4.403894263108611,-0.04831044714633265,162.28864732092086,0.0,0.04880260325007768,-0.281986814348298,0.5472786456539369,0.40465350047607096,0.07033520619896413,-0.02980406244520073,0.026861666935822637,0.8209234884401322,0.12125072077070363,0.7348963070416976
2018-03-31,Washington DC,DCA,DC,0.1475121383542783,138.28233218303728,163.57865353795074,0.04966058910247125,0.08145428719437064,117.59225880194242,0.2103352822138984,2018Q1,14.751213835427828,4.966058910247125,-0.08408150361690223,163.57865353795074,0.0,-0.06761264781066068,0.2316410790141621,0.5557301742182164,0.18962488338747363,0.048872572316622384,-0.024405876320377783,0.013273741837123154,0.29643590274712345,0.1797831713609049,0.471889119542703
2018-06-30,Washington DC,DCA,DC,0.14441650729842462,138.0989696958259,163.46482564407236,0.04577645631092195,0.13993402292434975,118.07408313678206,0.20976363569748116,2018Q2,14.441650729842461,4.577645631092195,-0.025601767886923116,163.57865353795074,-0.06958603180577949,-0.20662047966857067,-0.11486628935908616,-0.13260008297276693,0.40974154229929116,0.08368206962738672,0.01696102813206688,0.02868190796095038,1.1470840246782825,0.6283238913257451,0.7701287997962357
2018-09-30,Washington DC,DCA,DC,0.12152893312175446,138.2134652960794,164.17456639181398,0.04569315370151213,0.11954562333082755,118.35608159344855,0.2095998960862498,2018Q3,12.152893312175445,4.569315370151213,-0.04599016748044532,164.17456639181398,0.0,-2.0289587349962606,-0.08763890030030197,0.0829083667355901,0.23883179879518046,0.07172737399849653,0.09730251841303353,0.016718225915662632,0.8549442303518248,1.4994654565618002,0.5385603782743574
2018-12-31,Washington DC,DCA,DC,0.11907968294375737,138.8106699246048,165.67240440220294,0.0452837798293043,0.046962131365481594,119.37244284154315,0.20915531236382406,2018Q4,11.907968294375737,4.52837798293043,-0.11857365944579128,165.67240440220294,0.0,-1.9541914591432938,-0.13493866768315232,0.43208860095222956,0.8587317477996459,0.028177278819288956,0.07610514290955321,0.06011122234597521,-0.20929999999103233,1.2696226342489443,1.3784730113946817
2019-03-31,Washington DC,DCA,DC,0.10178314254963022,139.32438348409295,166.41032428508427,0.04522866962899284,0.028491386072238903,119.41794032539921,0.2095026024515295,2019Q1,10.178314254963022,4.522866962899284,-0.13704440473903395,166.41032428508427,0.0,-3.0918550128105906,-0.09428145158080259,0.37008218443665974,0.038113891927693544,0.01709483164334334,0.13608864141869653,0.002667972434938548,-0.4801244474818086,1.9200228022922423,0.266604386114312
2019-06-30,Washington DC,DCA,DC,0.10128756545966508,139.3033801687267,167.6074401178027,0.04454051965624073,0.08896548178577438,119.47122440638495,0.20943994915913297,2019Q2,10.128756545966509,4.454051965624073,-0.0765703090254985,167.6074401178027,0.0,-2.637399885294416,-0.13558612958969096,-0.015075118109986185,0.04461982918189111,0.05337928907146462,0.1326237501702201,0.0031233880427323775,0.40656763229659737,1.8824530388360925,0.2754193874687472
2019-09-30,Washington DC,DCA,DC,0.08991343221138842,140.21489424565993,167.50543143613177,0.04601491225334558,0.08939681134132747,119.90459257102982,0.209744846853,2019Q3,8.991343221138843,4.6014912253345575,-0.0761389794699454,167.6074401178027,-0.06086166676086968,-3.183399362100001,0.023528436411121234,0.6543373720215406,0.36273853122217314,0.053394640137753004,0.12645309950392303,0.02539169718555212,0.4069427700238467,1.8155447668938627,0.7064436472780483
2019-12-31,Washington DC,DCA,DC,0.0952342104653006,140.4552565191436,169.80177330458997,0.044513038795039504,0.13366547827051992,120.44650073574063,0.20945093680186852,2019Q4,9.52342104653006,4.451303879503951,-0.031870312540752954,169.80177330458997,0.0,-1.986024108522427,-0.13258511146890228,0.1714242090876228,0.4519494650630618,0.08019928696231195,0.09072999497174021,0.031636462554414324,1.061974420632834,1.428199684192186,0.8273170083192251
2020-03-31,Washington DC,DCA,DC,0.16991055110865588,140.91987632221873,169.8743794924691,0.05642752640959203,-0.0834267220393515,120.34541421360802,0.20988655711873053,2020Q1,16.991055110865588,5.642752640959204,-0.24896251285062437,169.8743794924691,0.0,5.201629796383381,0.9742769336473405,0.33079559611342013,-0.08392649144236541,-0.0500560332236109,-0.27662126962484007,-0.161923748292467,-2.1211064063756417,-2.55498452751421,-2.919224593637581
2020-06-30,Washington DC,DCA,DC,0.16730128051218052,141.16535650370852,171.16157867663742,0.05505060179965397,-0.012768128700385808,120.28336912294887,0.21012459447197013,2020Q2,16.730128051218053,5.5050601799653975,-0.1783039195116587,171.16157867663742,0.0,4.6546430715638945,0.7206576540443841,0.17419840827030963,-0.051555841213046794,-0.007660877220231485,-0.2414420739917102,-0.1432482010318301,-1.0850857045742075,-2.1735370407870387,-2.557741650189889
2020-09-30,Washington DC,DCA,DC,0.14221550450808967,141.91976966647658,171.2972658392672,0.056229810967909556,-0.07572225976122134,119.08345448574545,0.21175905899473063,2020Q3,14.221550450808968,5.622981096790956,-0.24125805057249422,171.2972658392672,0.0,1.8874833288256205,0.7068703550399746,0.5344180622306238,-0.9975731856803227,-0.0454333558567328,-0.12109506955281221,-0.1264546228623912,-2.008140919246572,-0.8686162899802905,-2.2326860048057835
2020-12-31,Washington DC,DCA,DC,0.1479132854034496,143.19540712096372,171.6780165877447,0.055852573894222206,-0.09261217048488596,118.62959263879988,0.21313719881536225,2020Q4,14.791328540344962,5.58525738942222,-0.2581479612961588,171.6780165877447,0.0,2.096841387615461,0.5370367218597645,0.8988440845732804,-0.38112922479914824,-0.055567302290931576,-0.14978427360943708,-0.0895842873644042,-2.2557866242403186,-1.1796928961007722,-1.5190256651268406
2021-03-31,Washington DC,DCA,DC,0.14800509347203702,144.16549200199134,171.80981265241013,0.05571505590688663,-0.05873283362224012,119.04620313073076,0.213490408252927,2021Q1,14.800509347203702,5.571505590688663,-0.22426862443351298,171.80981265241013,0.0,1.5282478079441173,0.3922050946525353,0.6774553042809162,0.35118597532350915,-0.03523970017334407,-0.11028515561125167,-0.021264415965677876,-1.7590360848597202,-0.751404556439059,-0.19662970721919718
2021-06-30,Washington DC,DCA,DC,0.1447416529633043,144.5395853373551,171.73257822594164,0.054573973766055925,-0.04343756312192508,118.95130713564075,0.21386040127350794,2021Q2,14.47416529633043,5.457397376605592,-0.20897335393319794,171.80981265241013,-0.04495344315679217,0.6587276632753554,0.15267870419677454,0.25948882091604286,-0.079713583965213,-0.026242351645782216,-0.04591082420956991,-0.02534178077582557,-1.539165698367129,-0.0533946536831096,-0.2755509732208
2021-09-30,Washington DC,DCA,DC,0.13996379995089364,145.96137483649062,171.74969671355183,0.055458555400611786,-0.11781339697670352,118.81904979823281,0.21505907076846137,2021Q3,13.996379995089365,5.545855540061178,-0.2833491877879764,171.80981265241013,-0.034989816897079695,-0.44468723470952654,0.12309132831153402,0.9836678968028423,-0.11118611522034083,-0.07082799745361043,-0.026949033104665787,-0.007783028065423858,-2.6287159303892573,0.1522077607734541,0.0643153516822645
2021-12-31,Washington DC,DCA,DC,0.1455550986762706,147.33180146228466,171.31511433680615,0.05588061761165835,0.028660649110981123,118.96505656279177,0.21596014228646074,2021Q4,14.555509867627059,5.588061761165835,-0.13687514170029175,171.80981265241013,-0.2879336796698606,-0.5145684648089563,0.023202814208453937,0.9388967645236335,0.12288161267650644,0.01604465474790923,-0.021216414985733855,0.00860171288735545,-0.505787874787904,0.2143664524228424,0.3814575646830215
2022-03-31,Washington DC,DCA,DC,0.1388064676641476,147.80551436678928,172.43570415289523,0.05526957911310897,-0.04685835788834425,118.58883296944134,0.21667326252328414,2022Q1,13.880646766414758,5.526957911310897,-0.21239414869961712,172.43570415289523,0.0,-0.8006305229649051,-0.023426694440445317,0.32152793884481223,-0.31624714367437523,-0.02811501473300655,0.023955129206004643,-0.022137300057206263,-1.584928420073098,0.7041608235965017,-0.21352520732373256
2022-06-30,Washington DC,DCA,DC,0.14048105616651704,148.1468579028378,173.31483788047086,0.05398697817172425,0.03716622562659552,118.92736763797537,0.21661227050650617,2022Q2,14.048105616651704,5.398697817172425,-0.12836956518467735,173.31483788047086,0.0,-0.2979188684071641,-0.13839149322979516,0.23094100210729884,0.28546926389034777,0.02229973537595731,0.0033488933149932627,0.019982848472324344,-0.35293095354958226,0.4807277191701114,0.6017502465313994
2022-09-30,Washington DC,DCA,DC,0.1377670755299353,148.43567420855527,174.33073905839024,0.054407584459270665,-0.057997548200837495,118.93757539021315,0.21682119567715052,2022Q3,13.77670755299353,5.440758445927067,-0.22353333901211037,174.33073905839024,0.0,-0.5137115698384083,-0.0735530331171681,0.1949527042327759,0.008583181853372146,-0.034798528920502496,0.01593794328028162,0.0006008227297360502,-1.7482550760353368,0.6172305977356378,0.2265927414992912
2022-12-31,Washington DC,DCA,DC,0.15360038898028724,148.25806774402773,173.34706464198356,0.056549041973181106,-0.05619104613914059,118.50449075536156,0.21709679706575846,2022Q4,15.360038898028725,5.6549041973181104,-0.22172683695041345,174.33073905839024,-0.5642575840151709,0.998530980486315,0.13188686728689003,-0.11965214256918211,-0.36412768078609714,-0.035971658019545036,-0.04394394189585664,-0.05544486706961625,-1.776923116138712,-0.03206777847316322,-0.8582247813011226
2023-03-31,Washington DC,DCA,DC,0.14940714154514548,148.45454747277165,174.20274415252283,0.056945661872716095,0.00019569559051929586,118.37809226880438,0.21736640134570226,2023Q1,14.940714154514549,5.69456618727161,-0.16534009522075357,174.33073905839024,-0.07342073265951266,0.5616806360582842,0.1561662826675203,0.13252548865210212,-0.10666134738988031,-0.00017626557632647314,-0.034710306235519316,-0.02431671339904015,-0.9021824359222052,0.06805239348077095,-0.25570982118272245
2023-06-30,Washington DC,DCA,DC,0.18023587808761563,149.45429877609368,174.3246195670692,0.054879601477557466,-0.031667154479264166,118.47071078130423,0.21803765670131445,2023Q2,18.02358780876156,5.4879601477557465,-0.19720294529053703,174.33073905839024,-0.0035102767039774108,3.2008764762514055,-0.054260103242111946,0.6734393255992455,0.07823957180315144,-0.019014333794374408,-0.19371579009253254,-0.09054952426132155,-1.3625328744083756,-1.6560416655652073,-1.537708741437939
2023-09-30,Washington DC,DCA,DC,0.1694607379938887,150.5765072786389,175.2246642504754,0.056448915951838555,0.015312885145573475,118.71323041366597,0.2186564896166573,2023Q3,16.94607379938887,5.644891595183855,-0.1502229056656994,175.2246642504754,0.0,1.7546507413412762,0.09029183729566181,0.7508706753403427,0.2047085146719807,0.009187731087344084,-0.12527607083408093,-0.03830992621319963,-0.673352180069651,-0.9139508237022926,-0.5265617371002768
2023-12-31,Washington DC,DCA,DC,0.1736285140196713,151.03080730235092,175.9796839333495,0.052090319617172566,-0.0967656007169953,118.37700688600876,0.21932612219027262,2023Q4,17.36285140196713,5.2090319617172565,-0.26230139152826815,175.9796839333495,0.0,1.8205106521270267,-0.2981890712398645,0.3017071068538879,-0.2832232991096362,-0.05805936043019718,-0.10611088794904573,-0.07444095050148533,-2.3166856529445914,-0.7061430352468163,-1.2259120065854539
2024-03-31,Washington DC,DCA,DC,0.1785586098508566,151.3382390307326,176.04740119553222,0.05659692465221711,0.032397387831494276,118.04778268306084,0.21988074839859223,2024Q1,17.85586098508566,5.659692465221711,-0.13313840297977858,176.04740119553222,0.0,1.8166184579116944,0.1358796130257378,0.20355564131113724,-0.2781149917609804,0.019438432698896564,-0.10100870496114159,-0.07396660316061945,-0.4228533005110724,-0.650820142197911,-1.216730563568028
2024-06-30,Washington DC,DCA,DC,0.2058922080201333,152.1882646510017,175.82258295191588,0.057471206026693734,0.0859469357150089,118.36926345601557,0.2202136862955961,2024Q2,20.58922080201333,5.747120602669374,-0.07958885509626397,176.04740119553222,-0.12770324474522532,3.7323388766691608,0.1797549022862821,0.561672731038243,0.2723310558215619,0.05105734845002444,-0.21470058038537018,-0.09290699239256547,0.3498258066037289,-1.883579429651017,-1.583339774749737
2024-09-30,Washington DC,DCA,DC,0.192622010462221,153.7273405025273,176.1898547425103,0.05696853200591124,-0.05505533020007533,118.01697426529674,0.22173280258080486,2024Q3,19.2622010462221,5.696853200591124,-0.2205911210113482,176.1898547425103,0.0,1.7196324342243585,0.0974756558750256,1.0112973264101655,-0.29761880781639105,-0.033033198120045196,-0.1365464880317262,-0.07242228957387813,-1.705115259433278,-1.0361557870915021,-1.1868389082847501
2024-12-31,Washington DC,DCA,DC,0.20868119209487887,154.5566519377376,175.67703102051124,0.055495864120027015,0.019550427630706885,117.25104087477212,0.2231351828573771,2024Q4,20.868119209487887,5.549586412002702,-0.14598536318056599,176.1898547425103,-0.2910631391055518,2.63704055855775,-0.036626409548970784,0.5394690576831174,-0.6490027348123983,0.010566004022001923,-0.15882548081204337,-0.12454140819360038,-0.6396709903383451,-1.2777265691949324,-2.1956539189306077
